,Humidity,Temperature,Flame,Time
0,40.00,20.0,0," 17:57:1:"
1,40.00,20.0,0," 17:57:2:"
2,40.00,20.0,0," 17:57:3:"
3,40.00,20.0,0," 17:57:4:"
4,40.00,20.0,0," 17:57:5:"
5,40.00,20.0,0," 17:57:6:"
6,40.00,20.0,0," 17:57:7:"
7,40.00,20.0,0," 17:57:8:"
8,40.00,20.0,0," 17:57:9:"
9,40.00,20.0,0, 17:57:10:
10,40.00,20.0,0, 17:57:11:
11,40.00,20.0,0, 17:57:12:
12,40.00,20.0,0, 17:57:13:
13,40.00,20.0,0, 17:57:14:
14,40.00,20.1,0, 17:57:15:
15,40.00,20.1,0, 17:57:16:
16,40.00,20.1,0, 17:57:17:
17,40.00,20.1,0, 17:57:18:
18,40.00,20.1,0, 17:57:19:
19,40.00,20.1,0, 17:57:20:
20,40.00,20.1,0, 17:57:21:
21,40.00,20.1,0, 17:57:22:
22,40.00,20.1,0, 17:57:23:
23,40.00,20.1,0, 17:57:24:
24,40.00,20.1,0, 17:57:25:
25,40.00,20.1,0, 17:57:26:
26,40.00,20.1,0, 17:57:27:
27,40.00,20.1,0, 17:57:28:
28,40.00,20.1,1, 17:57:29:
29,40.00,20.1,1, 17:57:30:
30,40.00,20.1,0, 17:57:31:
31,40.00,20.1,0, 17:57:32:
32,40.00,20.1,0, 17:57:33:
33,40.00,20.1,0, 17:57:34:
34,40.00,20.1,0, 17:57:35:
35,40.00,20.1,0, 17:57:36:
36,40.00,20.1,0, 17:57:37:
37,40.00,20.1,0, 17:57:38:
38,40.00,20.1,0, 17:57:39:
39,40.00,20.1,0, 17:57:40:
40,40.00,20.1,0, 17:57:41:
41,40.00,20.1,0, 17:57:42:
42,40.00,20.1,0, 17:57:43:
43,40.00,20.1,0, 17:57:44:
44,40.00,20.1,0, 17:57:45:
45,40.00,20.1,0, 17:57:46:
46,40.00,20.1,0, 17:57:47:
47,40.00,20.1,0, 17:57:48:
48,40.00,20.1,0, 17:57:49:
49,40.00,20.1,0, 17:57:50:
50,40.00,20.1,0, 17:57:51:
51,40.00,20.1,0, 17:57:52:
52,40.00,20.1,0, 17:57:53:
53,40.00,20.1,0, 17:57:54:
54,40.00,20.1,0, 17:57:55:
55,40.00,20.1,0, 17:57:56:
56,40.00,20.1,0, 17:57:57:
57,40.00,20.1,0, 17:57:58:
58,40.00,20.1,0, 17:57:59:
59,40.00,20.1,0," 17:58:0:"
60,40.00,20.1,0," 17:58:1:"
61,40.00,20.1,0," 17:58:2:"
62,40.00,20.1,0," 17:58:3:"
63,40.00,20.1,0," 17:58:4:"
64,40.00,20.1,0," 17:58:5:"
65,40.00,20.1,0," 17:58:6:"
66,40.00,20.1,0," 17:58:7:"
67,40.00,20.1,0," 17:58:8:"
68,40.00,20.0,0," 17:58:9:"
69,40.00,20.0,0, 17:58:10:
70,40.00,20.1,0, 17:58:11:
71,40.00,20.1,0, 17:58:12:
72,40.00,20.1,0, 17:58:13:
73,40.00,20.1,0, 17:58:14:
74,40.00,20.1,0, 17:58:15:
75,40.00,20.1,0, 17:58:16:
76,40.00,20.0,0, 17:58:17:
77,40.00,20.0,0, 17:58:18:
78,40.00,20.0,0, 17:58:19:
79,40.00,20.0,0, 17:58:20:
80,40.00,20.0,0, 17:58:21:
81,40.00,20.0,0, 17:58:22:
82,40.00,20.0,0, 17:58:23:
83,40.00,20.0,0, 17:58:24:
84,40.00,20.0,0, 17:58:25:
85,40.00,20.0,0, 17:58:26:
86,40.00,20.0,0, 17:58:27:
87,40.00,20.0,0, 17:58:28:
88,40.00,20.0,0, 17:58:29:
89,40.00,20.0,0, 17:58:30:
90,40.00,20.0,0, 17:58:31:
91,40.00,20.0,0, 17:58:32:
92,40.00,20.0,0, 17:58:33:
93,40.00,20.0,0, 17:58:34:
94,40.00,20.0,0, 17:58:35:
95,40.00,20.0,0, 17:58:36:
96,40.00,20.0,0, 17:58:37:
97,40.00,20.0,0, 17:58:38:
98,40.00,20.0,0, 17:58:39:
99,40.00,20.0,0, 17:58:40:
100,40.00,20.0,0, 17:58:41:
101,40.00,20.0,0, 17:58:42:
102,40.00,20.0,0, 17:58:43:
103,40.00,20.0,0, 17:58:44:
104,40.00,20.0,0, 17:58:45:
105,40.00,20.0,0, 17:58:46:
106,40.00,20.0,0, 17:58:47:
107,40.00,20.0,0, 17:58:48:
108,40.00,20.0,0, 17:58:49:
109,40.00,20.0,0, 17:58:50:
110,40.00,20.0,0, 17:58:51:
111,40.00,20.0,0, 17:58:52:
112,40.00,20.0,0, 17:58:53:
113,40.00,20.0,0, 17:58:54:
114,40.00,20.0,0, 17:58:55:
115,40.00,20.0,0, 17:58:56:
116,40.00,20.0,0, 17:58:57:
117,40.00,20.0,0, 17:58:58:
118,40.00,20.0,0, 17:58:59:
119,40.00,20.0,0," 17:59:0:"
120,40.00,20.0,0," 17:59:1:"
121,40.00,20.0,0," 17:59:2:"
122,40.00,20.0,0," 17:59:3:"
123,40.00,20.0,0," 17:59:4:"
124,40.00,20.0,0," 17:59:5:"
125,40.00,20.0,0," 17:59:6:"
126,40.00,20.0,0," 17:59:7:"
127,40.00,20.0,0," 17:59:8:"
128,40.00,20.0,0," 17:59:9:"
129,40.00,20.0,0, 17:59:10:
130,40.00,20.0,0, 17:59:11:
131,40.00,20.0,0, 17:59:12:
132,40.00,20.0,0, 17:59:13:
133,40.00,20.0,0, 17:59:14:
134,40.00,20.0,0, 17:59:15:
135,40.00,20.0,0, 17:59:16:
136,40.00,20.0,0, 17:59:17:
137,40.00,20.0,0, 17:59:18:
138,40.00,20.0,0, 17:59:19:
139,40.00,20.0,0, 17:59:20:
140,40.00,20.0,0, 17:59:21:
141,40.00,20.0,0, 17:59:22:
142,40.00,20.0,0, 17:59:23:
143,40.00,20.0,0, 17:59:24:
144,40.00,20.0,0, 17:59:25:
145,40.00,20.0,0, 17:59:26:
146,40.00,20.0,0, 17:59:27:
147,40.00,20.0,0, 17:59:28:
148,40.00,20.0,0, 17:59:29:
149,40.00,20.0,0, 17:59:30:
150,40.00,20.0,0, 17:59:31:
151,40.00,20.0,0, 17:59:32:
152,40.00,20.0,0, 17:59:33:
153,40.00,20.0,0, 17:59:34:
154,40.00,20.0,0, 17:59:35:
155,40.00,20.0,0, 17:59:36:
156,40.00,20.0,0, 17:59:37:
157,40.00,20.0,0, 17:59:38:
158,40.00,20.0,0, 17:59:39:
159,40.00,20.0,0, 17:59:40:
160,40.00,20.0,0, 17:59:41:
161,40.00,20.0,0, 17:59:42:
162,40.00,20.0,0, 17:59:43:
163,40.00,20.0,0, 17:59:44:
164,40.00,20.0,0, 17:59:45:
165,40.00,20.0,0, 17:59:46:
166,40.00,20.0,0, 17:59:47:
167,40.00,20.0,0, 17:59:48:
168,40.00,20.0,0, 17:59:49:
169,40.00,20.0,0, 17:59:50:
170,40.00,20.0,0, 17:59:51:
171,40.00,20.0,0, 17:59:52:
172,40.00,20.0,0, 17:59:53:
173,40.00,20.0,0, 17:59:54:
174,40.00,20.0,0, 17:59:55:
175,40.00,20.0,0, 17:59:56:
176,40.00,20.0,0, 17:59:57:
177,40.00,20.0,0, 17:59:58:
178,40.00,20.0,0," 18:0:0:
"
179,40.00,20.0,0," 18:0:1:
"
180,40.00,20.0,0," 18:0:2:
"
181,40.00,20.0,0," 18:0:3:
"
182,40.00,20.0,0," 18:0:4:
"
183,40.00,20.0,0," 18:0:5:
"
184,40.00,20.0,0," 18:0:6:
"
185,40.00,20.0,0," 18:0:7:
"
186,40.00,20.0,0," 18:0:8:
"
187,40.00,20.0,0," 18:0:9:
"
188,40.00,20.0,0," 18:0:10:"
189,40.00,20.0,0," 18:0:11:"
190,40.00,20.0,0," 18:0:12:"
191,40.00,20.0,0," 18:0:13:"
192,40.00,20.0,0," 18:0:14:"
193,40.00,20.0,0," 18:0:15:"
194,40.00,20.0,0," 18:0:16:"
195,40.00,20.0,0," 18:0:17:"
196,40.00,20.0,0," 18:0:18:"
197,40.00,20.0,0," 18:0:19:"
198,40.00,20.0,0," 18:0:20:"
199,40.00,20.0,0," 18:0:21:"
200,40.00,20.0,0," 18:0:22:"
201,40.00,20.0,0," 18:0:23:"
202,40.00,20.0,0," 18:0:24:"
203,40.00,20.0,0," 18:0:25:"
204,40.00,20.0,0," 18:0:26:"
205,40.00,20.0,0," 18:0:27:"
206,40.00,20.0,0," 18:0:28:"
207,40.00,20.0,0," 18:0:29:"
208,40.00,19.9,0," 18:0:30:"
209,40.00,19.9,0," 18:0:31:"
210,40.00,19.9,0," 18:0:32:"
211,40.00,19.9,0," 18:0:33:"
212,40.00,19.9,0," 18:0:34:"
213,40.00,19.9,0," 18:0:35:"
214,40.00,19.9,0," 18:0:36:"
215,40.00,19.9,0," 18:0:37:"
216,40.00,19.9,0," 18:0:38:"
217,40.00,19.9,0," 18:0:39:"
218,40.00,19.9,0," 18:0:40:"
219,40.00,19.9,0," 18:0:41:"
220,40.00,19.9,0," 18:0:42:"
221,40.00,19.9,0," 18:0:43:"
222,40.00,19.9,0," 18:0:44:"
223,40.00,19.9,0," 18:0:45:"
224,40.00,19.9,0," 18:0:46:"
225,40.00,19.9,0," 18:0:47:"
226,40.00,19.9,0," 18:0:48:"
227,40.00,19.9,0," 18:0:49:"
228,40.00,19.9,0," 18:0:50:"
229,40.00,19.9,0," 18:0:51:"
230,40.00,19.9,0," 18:0:52:"
231,40.00,19.9,0," 18:0:53:"
232,40.00,19.9,0," 18:0:54:"
233,40.00,19.9,0," 18:0:55:"
234,40.00,19.9,0," 18:0:56:"
235,40.00,19.9,0," 18:0:57:"
236,40.00,19.9,0," 18:0:58:"
237,40.00,19.9,0," 18:0:59:"
238,40.00,19.9,0," 18:1:0:
"
239,40.00,19.9,0," 18:1:1:
"
240,40.00,19.9,0," 18:1:2:
"
241,40.00,19.9,0," 18:1:3:
"
242,40.00,19.9,0," 18:1:4:
"
243,40.00,19.9,0," 18:1:5:
"
244,40.00,19.9,0," 18:1:6:
"
245,40.00,19.9,0," 18:1:7:
"
246,40.00,19.9,0," 18:1:8:
"
247,40.00,19.9,0," 18:1:9:
"
248,40.00,19.9,0," 18:1:10:"
249,40.00,19.9,0," 18:1:11:"
250,40.00,19.9,0," 18:1:12:"
251,40.00,19.9,0," 18:1:13:"
252,40.00,19.9,0," 18:1:14:"
253,40.00,19.9,0," 18:1:15:"
254,40.00,19.9,0," 18:1:16:"
255,40.00,19.9,0," 18:1:17:"
256,40.00,19.9,0," 18:1:18:"
257,40.00,19.9,0," 18:1:19:"
258,40.00,19.9,0," 18:1:20:"
259,40.00,19.9,0," 18:1:21:"
260,40.00,19.9,0," 18:1:22:"
261,40.00,19.9,0," 18:1:23:"
262,40.00,19.9,0," 18:1:24:"
263,40.00,19.9,0," 18:1:25:"
264,40.00,19.9,0," 18:1:26:"
265,40.00,19.9,0," 18:1:27:"
266,40.00,19.9,0," 18:1:28:"
267,40.00,19.9,0," 18:1:29:"
268,40.00,19.9,0," 18:1:30:"
269,40.00,19.9,0," 18:1:31:"
270,40.00,19.9,0," 18:1:32:"
271,40.00,19.9,0," 18:1:33:"
272,40.00,19.9,0," 18:1:34:"
273,40.00,19.9,0," 18:1:35:"
274,40.00,19.9,0," 18:1:36:"
275,40.00,19.9,0," 18:1:37:"
276,40.00,19.9,0," 18:1:38:"
277,40.00,19.9,0," 18:1:39:"
278,40.00,19.9,0," 18:1:40:"
279,40.00,19.9,0," 18:1:41:"
280,40.00,19.9,0," 18:1:42:"
281,40.00,19.9,0," 18:1:43:"
282,40.00,19.9,0," 18:1:44:"
283,40.00,19.9,0," 18:1:45:"
284,40.00,19.9,0," 18:1:46:"
285,40.00,19.9,0," 18:1:47:"
286,40.00,19.9,0," 18:1:48:"
287,40.00,19.9,0," 18:1:49:"
288,40.00,19.9,0," 18:1:50:"
289,40.00,19.9,0," 18:1:51:"
290,40.00,19.9,0," 18:1:52:"
291,40.00,19.9,0," 18:1:53:"
292,40.00,19.9,0," 18:1:54:"
293,40.00,19.9,0," 18:1:55:"
294,40.00,19.9,0," 18:1:56:"
295,40.00,19.9,0," 18:1:57:"
296,40.00,19.9,0," 18:1:58:"
297,40.00,19.9,0," 18:1:59:"
298,40.00,19.9,0," 18:2:0:
"
299,40.00,19.9,0," 18:2:1:
"
300,40.00,19.9,0," 18:2:2:
"
301,40.00,19.9,0," 18:2:3:
"
302,40.00,19.9,0," 18:2:4:
"
303,40.00,19.9,0," 18:2:5:
"
304,40.00,19.9,0," 18:2:6:
"
305,40.00,19.9,0," 18:2:7:
"
306,40.00,19.9,0," 18:2:8:
"
307,40.00,19.9,0," 18:2:9:
"
308,40.00,19.9,0," 18:2:10:"
309,40.00,19.9,0," 18:2:11:"
310,40.00,19.9,0," 18:2:12:"
311,40.00,19.9,0," 18:2:13:"
312,40.00,19.9,0," 18:2:14:"
313,40.00,19.9,0," 18:2:15:"
314,40.00,19.9,0," 18:2:16:"
315,40.00,19.9,0," 18:2:17:"
316,40.00,19.9,0," 18:2:18:"
317,40.00,19.9,0," 18:2:19:"
318,40.00,19.9,0," 18:2:20:"
319,40.00,19.9,0," 18:2:21:"
320,40.00,19.9,0," 18:2:22:"
321,40.00,19.9,0," 18:2:23:"
322,40.00,19.9,0," 18:2:24:"
323,40.00,19.9,0," 18:2:25:"
324,40.00,19.9,0," 18:2:26:"
325,40.00,19.9,0," 18:2:27:"
326,40.00,19.9,0," 18:2:28:"
327,40.00,19.9,0," 18:2:29:"
328,40.00,19.9,0," 18:2:30:"
329,40.00,19.9,0," 18:2:31:"
330,40.00,19.9,0," 18:2:32:"
331,40.00,19.9,0," 18:2:33:"
332,40.00,19.9,0," 18:2:34:"
333,40.00,19.9,0," 18:2:35:"
334,40.00,19.9,0," 18:2:36:"
335,40.00,19.9,0," 18:2:37:"
336,40.00,19.9,0," 18:2:38:"
337,40.00,19.9,0," 18:2:39:"
338,40.00,19.9,0," 18:2:40:"
339,40.00,19.9,0," 18:2:41:"
340,40.00,19.9,0," 18:2:42:"
341,40.00,19.9,0," 18:2:43:"
342,40.00,19.9,0," 18:2:44:"
343,40.00,19.9,0," 18:2:45:"
344,40.00,19.9,0," 18:2:46:"
345,40.00,19.9,0," 18:2:47:"
346,40.00,19.9,0," 18:2:48:"
347,40.00,19.9,0," 18:2:49:"
348,40.00,19.9,0," 18:2:50:"
349,40.00,19.9,0," 18:2:51:"
350,40.00,19.9,0," 18:2:52:"
351,40.00,19.9,0," 18:2:53:"
352,40.00,19.9,0," 18:2:54:"
353,40.00,19.9,0," 18:2:55:"
354,40.00,19.9,0," 18:2:56:"
355,40.00,19.9,0," 18:2:57:"
356,40.00,19.9,0," 18:2:58:"
357,40.00,19.9,0," 18:2:59:"
358,40.00,19.9,0," 18:3:0:
"
359,40.00,19.9,0," 18:3:1:
"
360,40.00,19.9,0," 18:3:2:
"
361,40.00,19.9,0," 18:3:3:
"
362,40.00,19.9,0," 18:3:4:
"
363,40.00,19.9,0," 18:3:5:
"
364,40.00,19.9,0," 18:3:6:
"
365,40.00,19.9,0," 18:3:7:
"
366,40.00,19.9,0," 18:3:8:
"
367,40.00,19.9,0," 18:3:9:
"
368,40.00,19.9,0," 18:3:10:"
369,40.00,19.9,0," 18:3:11:"
370,40.00,19.9,0," 18:3:12:"
371,40.00,19.9,0," 18:3:13:"
372,40.00,19.9,0," 18:3:14:"
373,40.00,19.9,0," 18:3:15:"
374,40.00,19.9,0," 18:3:16:"
375,40.00,19.9,0," 18:3:17:"
376,40.00,19.9,0," 18:3:18:"
377,40.00,19.9,0," 18:3:19:"
378,40.00,19.9,0," 18:3:20:"
379,40.00,19.9,0," 18:3:21:"
380,40.00,19.9,0," 18:3:22:"
381,40.00,19.9,0," 18:3:23:"
382,40.00,19.9,0," 18:3:24:"
383,40.00,19.9,0," 18:3:25:"
384,40.00,19.9,0," 18:3:26:"
385,40.00,19.9,0," 18:3:27:"
386,40.00,19.9,0," 18:3:28:"
387,40.00,19.9,0," 18:3:29:"
388,40.00,19.9,0," 18:3:30:"
389,40.00,19.9,0," 18:3:31:"
390,40.00,19.9,0," 18:3:32:"
391,40.00,19.9,0," 18:3:33:"
392,40.00,19.9,0," 18:3:34:"
393,40.00,19.9,0," 18:3:35:"
394,40.00,19.9,0," 18:3:36:"
395,40.00,19.9,0," 18:3:37:"
396,40.00,19.9,0," 18:3:38:"
397,40.00,19.9,0," 18:3:39:"
398,40.00,19.9,0," 18:3:40:"
399,40.00,19.9,0," 18:3:41:"
400,40.00,19.9,0," 18:3:42:"
401,40.00,19.9,0," 18:3:43:"
402,40.00,19.9,0," 18:3:44:"
403,40.00,19.9,0," 18:3:45:"
404,40.00,19.9,0," 18:3:46:"
405,40.00,19.9,0," 18:3:47:"
406,40.00,19.9,0," 18:3:48:"
407,40.00,19.9,0," 18:3:49:"
408,40.00,19.9,0," 18:3:50:"
409,40.00,19.9,0," 18:3:51:"
410,40.00,19.9,0," 18:3:52:"
411,40.00,19.9,0," 18:3:53:"
412,40.00,19.9,0," 18:3:54:"
413,40.00,19.9,0," 18:3:55:"
414,40.00,19.9,0," 18:3:56:"
415,40.00,19.9,0," 18:3:57:"
416,40.00,19.9,0," 18:3:58:"
417,40.00,19.9,0," 18:3:59:"
418,40.00,19.9,0," 18:4:0:
"
419,40.00,19.9,0," 18:4:1:
"
420,40.00,19.9,0," 18:4:2:
"
421,40.00,19.9,0," 18:4:3:
"
422,40.00,19.9,0," 18:4:4:
"
423,40.00,19.9,0," 18:4:5:
"
424,40.00,19.9,0," 18:4:6:
"
425,40.00,19.9,0," 18:4:7:
"
426,40.00,19.9,0," 18:4:8:
"
427,40.00,19.9,0," 18:4:9:
"
428,40.00,19.9,0," 18:4:10:"
429,40.00,19.9,0," 18:4:11:"
430,40.00,19.9,0," 18:4:12:"
431,40.00,19.9,0," 18:4:13:"
432,40.00,19.9,0," 18:4:14:"
433,40.00,19.9,0," 18:4:15:"
434,40.00,19.9,0," 18:4:16:"
435,40.00,19.9,0," 18:4:17:"
436,40.00,19.9,0," 18:4:18:"
437,40.00,19.9,0," 18:4:19:"
438,40.00,19.9,0," 18:4:20:"
439,40.00,19.9,0," 18:4:21:"
440,40.00,19.9,0," 18:4:22:"
441,40.00,19.9,0," 18:4:23:"
442,40.00,19.9,0," 18:4:24:"
443,40.00,19.9,0," 18:4:25:"
444,40.00,19.9,0," 18:4:26:"
445,40.00,19.9,0," 18:4:27:"
446,40.00,19.9,0," 18:4:28:"
447,40.00,19.9,0," 18:4:29:"
448,40.00,19.9,0," 18:4:30:"
449,40.00,19.9,0," 18:4:31:"
450,40.00,19.9,0," 18:4:32:"
451,40.00,19.9,0," 18:4:33:"
452,40.00,19.9,0," 18:4:34:"
453,40.00,19.9,0," 18:4:35:"
454,40.00,19.9,0," 18:4:36:"
455,40.00,19.9,0," 18:4:37:"
456,40.00,19.9,0," 18:4:38:"
457,40.00,19.9,0," 18:4:39:"
458,40.00,19.9,0," 18:4:40:"
459,40.00,19.9,0," 18:4:41:"
460,40.00,19.9,0," 18:4:42:"
461,40.00,19.9,0," 18:4:43:"
462,40.00,19.9,0," 18:4:44:"
463,40.00,19.9,0," 18:4:45:"
464,40.00,19.9,0," 18:4:46:"
465,40.00,19.9,0," 18:4:47:"
466,40.00,19.9,0," 18:4:48:"
467,40.00,19.9,0," 18:4:49:"
468,40.00,19.9,0," 18:4:50:"
469,40.00,19.9,0," 18:4:51:"
470,40.00,19.9,0," 18:4:52:"
471,40.00,19.9,0," 18:4:53:"
472,40.00,19.9,0," 18:4:54:"
473,40.00,19.9,0," 18:4:55:"
474,40.00,19.9,0," 18:4:56:"
475,40.00,19.9,0," 18:4:57:"
476,40.00,19.9,0," 18:4:58:"
477,40.00,19.9,0," 18:4:59:"
478,40.00,19.9,0," 18:5:0:
"
479,40.00,19.9,0," 18:5:1:
"
480,40.00,19.9,0," 18:5:2:
"
481,40.00,19.9,0," 18:5:3:
"
482,40.00,19.9,0," 18:5:4:
"
483,40.00,19.9,0," 18:5:5:
"
484,40.00,19.9,0," 18:5:6:
"
485,40.00,19.9,0," 18:5:7:
"
486,40.00,19.9,0," 18:5:8:
"
487,40.00,19.9,0," 18:5:9:
"
488,40.00,19.9,0," 18:5:10:"
489,40.00,19.9,0," 18:5:11:"
490,40.00,19.9,0," 18:5:12:"
491,40.00,19.9,0," 18:5:13:"
492,40.00,19.9,0," 18:5:14:"
493,40.00,19.9,0," 18:5:15:"
494,40.00,19.9,0," 18:5:16:"
495,40.00,19.9,0," 18:5:17:"
496,40.00,19.9,0," 18:5:18:"
497,40.00,19.9,0," 18:5:19:"
498,40.00,19.9,0," 18:5:20:"
499,40.00,19.9,0," 18:5:21:"
500,40.00,19.9,0," 18:5:22:"
501,40.00,19.9,0," 18:5:23:"
502,40.00,19.9,0," 18:5:24:"
503,40.00,19.9,0," 18:5:25:"
504,40.00,19.9,0," 18:5:26:"
505,40.00,19.9,0," 18:5:27:"
506,40.00,19.9,0," 18:5:28:"
507,40.00,19.9,0," 18:5:29:"
508,40.00,19.9,0," 18:5:30:"
509,40.00,19.9,0," 18:5:31:"
510,40.00,19.9,0," 18:5:32:"
511,40.00,19.9,0," 18:5:33:"
512,40.00,19.9,0," 18:5:34:"
513,40.00,19.9,0," 18:5:35:"
514,40.00,19.9,0," 18:5:36:"
515,40.00,19.9,0," 18:5:37:"
516,40.00,19.9,0," 18:5:38:"
517,40.00,19.9,0," 18:5:39:"
518,40.00,19.9,0," 18:5:40:"
519,40.00,19.9,0," 18:5:41:"
520,40.00,19.9,0," 18:5:42:"
521,40.00,19.9,0," 18:5:43:"
522,40.00,19.9,0," 18:5:44:"
523,40.00,19.9,0," 18:5:45:"
524,40.00,19.9,0," 18:5:46:"
525,40.00,19.9,0," 18:5:47:"
526,40.00,19.9,0," 18:5:48:"
527,40.00,19.9,0," 18:5:49:"
528,40.00,19.9,0," 18:5:50:"
529,40.00,19.9,0," 18:5:51:"
530,40.00,19.9,0," 18:5:52:"
531,40.00,19.9,0," 18:5:53:"
532,40.00,19.9,0," 18:5:54:"
533,40.00,19.9,0," 18:5:55:"
534,40.00,19.9,0," 18:5:56:"
535,40.00,19.9,0," 18:5:57:"
536,40.00,19.9,0," 18:5:58:"
537,40.00,19.9,0," 18:5:59:"
538,40.00,19.9,0," 18:6:0:
"
539,40.00,19.9,0," 18:6:1:
"
540,40.00,19.9,0," 18:6:2:
"
541,40.00,19.9,0," 18:6:3:
"
542,40.00,19.9,0," 18:6:4:
"
543,40.00,19.9,0," 18:6:5:
"
544,40.00,19.9,0," 18:6:6:
"
545,40.00,19.9,0," 18:6:7:
"
546,40.00,19.9,0," 18:6:8:
"
547,40.00,19.9,0," 18:6:9:
"
548,40.00,19.9,0," 18:6:10:"
549,40.00,19.9,0," 18:6:11:"
550,40.00,19.9,0," 18:6:12:"
551,40.00,19.9,0," 18:6:13:"
552,40.00,19.9,0," 18:6:14:"
553,40.00,19.9,0," 18:6:15:"
554,40.00,19.9,0," 18:6:16:"
555,40.00,19.9,0," 18:6:17:"
556,40.00,19.9,0," 18:6:18:"
557,40.00,19.9,0," 18:6:19:"
558,40.00,19.9,0," 18:6:20:"
559,40.00,19.9,0," 18:6:21:"
560,40.00,19.9,0," 18:6:22:"
561,40.00,19.9,0," 18:6:23:"
562,40.00,19.9,0," 18:6:24:"
563,40.00,19.9,0," 18:6:25:"
564,40.00,19.9,0," 18:6:26:"
565,40.00,19.9,0," 18:6:27:"
566,40.00,19.9,0," 18:6:28:"
567,40.00,19.9,0," 18:6:29:"
568,40.00,19.8,0," 18:6:30:"
569,40.00,19.8,0," 18:6:31:"
570,41.00,19.9,0," 18:6:32:"
571,41.00,19.9,0," 18:6:33:"
572,40.00,19.9,0," 18:6:34:"
573,40.00,19.9,0," 18:6:35:"
574,41.00,19.9,0," 18:6:36:"
575,41.00,19.9,0," 18:6:37:"
576,41.00,19.9,0," 18:6:38:"
577,41.00,19.9,0," 18:6:39:"
578,41.00,19.8,0," 18:6:40:"
579,41.00,19.8,0," 18:6:41:"
580,41.00,19.9,0," 18:6:42:"
581,41.00,19.9,0," 18:6:43:"
582,41.00,19.9,0," 18:6:44:"
583,41.00,19.9,0," 18:6:45:"
584,41.00,19.8,0," 18:6:46:"
585,41.00,19.8,0," 18:6:47:"
586,41.00,19.9,0," 18:6:48:"
587,41.00,19.9,0," 18:6:49:"
588,41.00,19.8,0," 18:6:50:"
589,41.00,19.8,0," 18:6:51:"
590,41.00,19.9,0," 18:6:52:"
591,41.00,19.9,0," 18:6:53:"
592,41.00,19.8,0," 18:6:54:"
593,41.00,19.8,0," 18:6:55:"
594,41.00,19.9,0," 18:6:56:"
595,41.00,19.9,0," 18:6:57:"
596,41.00,19.8,0," 18:6:58:"
597,41.00,19.8,0," 18:6:59:"
598,41.00,19.8,0," 18:7:0:
"
599,41.00,19.8,0," 18:7:1:
"
600,41.00,19.8,0," 18:7:2:
"
601,41.00,19.8,0," 18:7:3:
"
602,41.00,19.8,0," 18:7:4:
"
603,41.00,19.8,0," 18:7:5:
"
604,41.00,19.8,0," 18:7:6:
"
605,41.00,19.8,0," 18:7:7:
"
606,41.00,19.8,0," 18:7:8:
"
607,41.00,19.8,0," 18:7:9:
"
608,41.00,19.8,0," 18:7:10:"
609,41.00,19.8,0," 18:7:11:"
610,41.00,19.8,0," 18:7:12:"
611,41.00,19.8,0," 18:7:13:"
612,41.00,19.9,0," 18:7:14:"
613,41.00,19.9,0," 18:7:15:"
614,41.00,19.8,0," 18:7:16:"
615,41.00,19.8,0," 18:7:17:"
616,41.00,19.8,0," 18:7:18:"
617,41.00,19.8,0," 18:7:19:"
618,41.00,19.8,0," 18:7:20:"
619,41.00,19.8,0," 18:7:21:"
620,41.00,19.8,0," 18:7:22:"
621,41.00,19.8,0," 18:7:23:"
622,41.00,19.8,0," 18:7:24:"
623,41.00,19.8,0," 18:7:25:"
624,41.00,19.8,0," 18:7:26:"
625,41.00,19.8,0," 18:7:27:"
626,41.00,19.8,0," 18:7:28:"
627,41.00,19.8,0," 18:7:29:"
628,41.00,19.8,0," 18:7:30:"
629,41.00,19.8,0," 18:7:31:"
630,41.00,19.8,0," 18:7:32:"
631,41.00,19.8,0," 18:7:33:"
632,41.00,19.8,0," 18:7:34:"
633,41.00,19.8,0," 18:7:35:"
634,41.00,19.8,0," 18:7:36:"
635,41.00,19.8,0," 18:7:37:"
636,41.00,19.8,0," 18:7:38:"
637,41.00,19.8,0," 18:7:39:"
638,41.00,19.8,0," 18:7:40:"
639,41.00,19.8,0," 18:7:41:"
640,41.00,19.8,0," 18:7:42:"
641,41.00,19.8,0," 18:7:43:"
642,41.00,19.8,0," 18:7:44:"
643,41.00,19.8,0," 18:7:45:"
644,41.00,19.8,0," 18:7:46:"
645,41.00,19.8,0," 18:7:47:"
646,41.00,19.8,0," 18:7:48:"
647,41.00,19.8,0," 18:7:49:"
648,41.00,19.8,0," 18:7:50:"
649,41.00,19.8,0," 18:7:51:"
650,41.00,19.8,0," 18:7:52:"
651,41.00,19.8,0," 18:7:53:"
652,41.00,19.8,0," 18:7:54:"
653,41.00,19.8,0," 18:7:55:"
654,41.00,19.8,0," 18:7:56:"
655,41.00,19.8,0," 18:7:57:"
656,41.00,19.8,0," 18:7:58:"
657,41.00,19.8,0," 18:7:59:"
658,41.00,19.8,0," 18:8:0:
"
659,41.00,19.8,0," 18:8:1:
"
660,41.00,19.8,0," 18:8:2:
"
661,41.00,19.8,0," 18:8:3:
"
662,41.00,19.8,0," 18:8:4:
"
663,41.00,19.8,0," 18:8:5:
"
664,41.00,19.8,0," 18:8:6:
"
665,41.00,19.8,0," 18:8:7:
"
666,41.00,19.8,0," 18:8:8:
"
667,41.00,19.8,0," 18:8:9:
"
668,41.00,19.8,0," 18:8:10:"
669,41.00,19.8,0," 18:8:11:"
670,41.00,19.8,0," 18:8:12:"
671,41.00,19.8,0," 18:8:13:"
672,41.00,19.8,0," 18:8:14:"
673,41.00,19.8,0," 18:8:15:"
674,41.00,19.8,0," 18:8:16:"
675,41.00,19.8,0," 18:8:17:"
676,41.00,19.8,0," 18:8:18:"
677,41.00,19.8,0," 18:8:19:"
678,41.00,19.8,0," 18:8:20:"
679,41.00,19.8,0," 18:8:21:"
680,41.00,19.8,0," 18:8:22:"
681,41.00,19.8,0," 18:8:23:"
682,41.00,19.8,0," 18:8:24:"
683,41.00,19.8,0," 18:8:25:"
684,41.00,19.8,0," 18:8:26:"
685,41.00,19.8,0," 18:8:27:"
686,41.00,19.8,0," 18:8:28:"
687,41.00,19.8,0," 18:8:29:"
688,41.00,19.8,0," 18:8:30:"
689,41.00,19.8,0," 18:8:31:"
690,41.00,19.8,0," 18:8:32:"
691,41.00,19.8,0," 18:8:33:"
692,41.00,19.8,0," 18:8:34:"
693,41.00,19.8,0," 18:8:35:"
694,41.00,19.8,0," 18:8:36:"
695,41.00,19.8,0," 18:8:37:"
696,41.00,19.8,0," 18:8:38:"
697,41.00,19.8,0," 18:8:39:"
698,41.00,19.8,0," 18:8:40:"
699,41.00,19.8,0," 18:8:41:"
700,41.00,19.8,0," 18:8:42:"
701,41.00,19.8,0," 18:8:43:"
702,41.00,19.8,0," 18:8:44:"
703,41.00,19.8,0," 18:8:45:"
704,41.00,19.8,0," 18:8:46:"
705,41.00,19.8,0," 18:8:47:"
706,41.00,19.8,0," 18:8:48:"
707,41.00,19.8,0," 18:8:49:"
708,41.00,19.8,0," 18:8:50:"
709,41.00,19.8,0," 18:8:51:"
710,41.00,19.8,0," 18:8:52:"
711,41.00,19.8,0," 18:8:53:"
712,41.00,19.8,0," 18:8:54:"
713,41.00,19.8,0," 18:8:55:"
714,41.00,19.8,0," 18:8:56:"
715,41.00,19.8,0," 18:8:57:"
716,41.00,19.8,0," 18:8:58:"
717,41.00,19.8,0," 18:8:59:"
718,41.00,19.8,0," 18:9:0:
"
719,41.00,19.8,0," 18:9:1:
"
720,41.00,19.8,0," 18:9:2:
"
721,41.00,19.8,0," 18:9:3:
"
722,41.00,19.8,0," 18:9:4:
"
723,41.00,19.8,0," 18:9:5:
"
724,41.00,19.8,0," 18:9:6:
"
725,41.00,19.8,0," 18:9:7:
"
726,41.00,19.8,0," 18:9:8:
"
727,41.00,19.8,0," 18:9:9:
"
728,41.00,19.8,0," 18:9:10:"
729,41.00,19.8,0," 18:9:11:"
730,41.00,19.8,0," 18:9:12:"
731,41.00,19.8,0," 18:9:13:"
732,41.00,19.8,0," 18:9:14:"
733,41.00,19.8,0," 18:9:15:"
734,41.00,19.8,0," 18:9:16:"
735,41.00,19.8,0," 18:9:17:"
736,41.00,19.8,0," 18:9:18:"
737,41.00,19.8,0," 18:9:19:"
738,41.00,19.8,0," 18:9:20:"
739,41.00,19.8,0," 18:9:21:"
740,41.00,19.8,0," 18:9:22:"
741,41.00,19.8,0," 18:9:23:"
742,41.00,19.8,0," 18:9:24:"
743,41.00,19.8,0," 18:9:25:"
744,41.00,19.8,0," 18:9:26:"
745,41.00,19.8,0," 18:9:27:"
746,41.00,19.8,0," 18:9:28:"
747,41.00,19.8,0," 18:9:29:"
748,41.00,19.8,0," 18:9:30:"
749,41.00,19.8,0," 18:9:31:"
750,41.00,19.8,0," 18:9:32:"
751,41.00,19.8,0," 18:9:33:"
752,41.00,19.8,0," 18:9:34:"
753,41.00,19.8,0," 18:9:35:"
754,41.00,19.8,0," 18:9:36:"
755,41.00,19.8,0," 18:9:37:"
756,41.00,19.8,0," 18:9:38:"
757,41.00,19.8,0," 18:9:39:"
758,41.00,19.8,0," 18:9:40:"
759,41.00,19.8,0," 18:9:41:"
760,41.00,19.8,0," 18:9:42:"
761,41.00,19.8,0," 18:9:43:"
762,41.00,19.8,0," 18:9:44:"
763,41.00,19.8,0," 18:9:45:"
764,41.00,19.8,0," 18:9:46:"
765,41.00,19.8,0," 18:9:47:"
766,41.00,19.8,0," 18:9:48:"
767,41.00,19.8,0," 18:9:49:"
768,41.00,19.8,0," 18:9:50:"
769,41.00,19.8,0," 18:9:51:"
770,41.00,19.8,0," 18:9:52:"
771,41.00,19.8,0," 18:9:53:"
772,41.00,19.8,0," 18:9:54:"
773,41.00,19.8,0," 18:9:55:"
774,41.00,19.8,0," 18:9:56:"
775,41.00,19.8,0," 18:9:57:"
776,41.00,19.8,0," 18:9:58:"
777,41.00,19.8,0," 18:9:59:"
778,41.00,19.8,0," 18:10:0:"
779,41.00,19.8,0," 18:10:1:"
780,41.00,19.8,0," 18:10:2:"
781,41.00,19.8,0," 18:10:3:"
782,41.00,19.8,0," 18:10:4:"
783,41.00,19.8,0," 18:10:5:"
784,41.00,19.8,0," 18:10:6:"
785,41.00,19.8,0," 18:10:7:"
786,41.00,19.8,0," 18:10:8:"
787,41.00,19.8,0," 18:10:9:"
788,41.00,19.8,0, 18:10:10:
789,41.00,19.8,0, 18:10:11:
790,41.00,19.8,0, 18:10:12:
791,41.00,19.8,0, 18:10:13:
792,41.00,19.8,0, 18:10:14:
793,41.00,19.8,0, 18:10:15:
794,41.00,19.8,0, 18:10:16:
795,41.00,19.8,0, 18:10:17:
796,41.00,19.8,0, 18:10:18:
797,41.00,19.8,0, 18:10:19:
798,41.00,19.8,0, 18:10:20:
799,41.00,19.8,0, 18:10:21:
800,41.00,19.8,0, 18:10:22:
801,41.00,19.8,0, 18:10:23:
802,41.00,19.8,0, 18:10:24:
803,41.00,19.8,0, 18:10:25:
804,41.00,19.8,0, 18:10:26:
805,41.00,19.8,0, 18:10:27:
806,41.00,19.8,0, 18:10:28:
807,41.00,19.8,0, 18:10:29:
808,41.00,19.8,0, 18:10:30:
809,41.00,19.8,0, 18:10:31:
810,41.00,19.8,0, 18:10:32:
811,41.00,19.8,0, 18:10:33:
812,41.00,19.8,0, 18:10:34:
813,41.00,19.8,0, 18:10:35:
814,41.00,19.8,0, 18:10:36:
815,41.00,19.8,0, 18:10:37:
816,41.00,19.8,0, 18:10:38:
817,41.00,19.8,0, 18:10:39:
818,41.00,19.8,0, 18:10:40:
819,41.00,19.8,0, 18:10:41:
820,41.00,19.8,0, 18:10:42:
821,41.00,19.8,0, 18:10:43:
822,41.00,19.8,0, 18:10:44:
823,41.00,19.8,0, 18:10:45:
824,41.00,19.8,0, 18:10:46:
825,41.00,19.8,0, 18:10:47:
826,41.00,19.8,0, 18:10:48:
827,41.00,19.8,0, 18:10:49:
828,41.00,19.8,0, 18:10:50:
829,41.00,19.8,0, 18:10:51:
830,41.00,19.8,0, 18:10:52:
831,41.00,19.8,0, 18:10:53:
832,41.00,19.8,0, 18:10:54:
833,41.00,19.8,0, 18:10:55:
834,41.00,19.8,0, 18:10:56:
835,41.00,19.8,0, 18:10:57:
836,41.00,19.8,0, 18:10:58:
837,41.00,19.8,0, 18:10:59:
838,41.00,19.8,0," 18:11:0:"
839,41.00,19.8,0," 18:11:1:"
840,41.00,19.8,0," 18:11:2:"
841,41.00,19.8,0," 18:11:3:"
842,41.00,19.8,0," 18:11:4:"
843,41.00,19.8,0," 18:11:5:"
844,41.00,19.8,0," 18:11:6:"
845,41.00,19.8,0," 18:11:7:"
846,41.00,19.8,0," 18:11:8:"
847,41.00,19.8,0," 18:11:9:"
848,41.00,19.8,0, 18:11:10:
849,41.00,19.8,0, 18:11:11:
850,41.00,19.8,0, 18:11:12:
851,41.00,19.8,0, 18:11:13:
852,41.00,19.8,0, 18:11:14:
853,41.00,19.8,0, 18:11:15:
854,41.00,19.8,0, 18:11:16:
855,41.00,19.8,0, 18:11:17:
856,41.00,19.8,0, 18:11:18:
857,41.00,19.8,0, 18:11:19:
858,41.00,19.8,0, 18:11:20:
859,41.00,19.8,0, 18:11:21:
860,41.00,19.8,0, 18:11:22:
861,41.00,19.8,0, 18:11:23:
862,41.00,19.8,0, 18:11:24:
863,41.00,19.8,0, 18:11:25:
864,41.00,19.8,0, 18:11:26:
865,41.00,19.8,0, 18:11:27:
866,41.00,19.8,0, 18:11:28:
867,41.00,19.8,0, 18:11:29:
868,41.00,19.8,0, 18:11:30:
869,41.00,19.8,0, 18:11:31:
870,41.00,19.8,0, 18:11:32:
871,41.00,19.8,0, 18:11:33:
872,41.00,19.8,0, 18:11:34:
873,41.00,19.8,0, 18:11:35:
874,41.00,19.8,0, 18:11:36:
875,41.00,19.8,0, 18:11:37:
876,41.00,19.8,0, 18:11:38:
877,41.00,19.8,0, 18:11:39:
878,41.00,19.8,0, 18:11:40:
879,41.00,19.8,0, 18:11:41:
880,41.00,19.8,0, 18:11:42:
881,41.00,19.8,0, 18:11:43:
882,41.00,19.8,0, 18:11:44:
883,41.00,19.8,0, 18:11:45:
884,41.00,19.8,0, 18:11:46:
885,41.00,19.8,0, 18:11:47:
886,41.00,19.8,0, 18:11:48:
887,41.00,19.8,0, 18:11:49:
888,41.00,19.8,0, 18:11:50:
889,41.00,19.8,0, 18:11:51:
890,41.00,19.8,0, 18:11:52:
891,41.00,19.8,0, 18:11:53:
892,41.00,19.8,0, 18:11:54:
893,41.00,19.8,0, 18:11:55:
894,41.00,19.8,0, 18:11:56:
895,41.00,19.8,0, 18:11:57:
896,41.00,19.8,0, 18:11:58:
897,41.00,19.8,0, 18:11:59:
898,41.00,19.8,0," 18:12:0:"
899,41.00,19.8,0," 18:12:1:"
900,41.00,19.8,0," 18:12:2:"
901,41.00,19.8,0," 18:12:3:"
902,41.00,19.8,0," 18:12:4:"
903,41.00,19.8,0," 18:12:5:"
904,41.00,19.8,0," 18:12:6:"
905,41.00,19.8,0," 18:12:7:"
906,41.00,19.8,0," 18:12:8:"
907,41.00,19.8,0," 18:12:9:"
908,41.00,19.8,0, 18:12:10:
909,41.00,19.8,0, 18:12:11:
910,41.00,19.8,0, 18:12:12:
911,41.00,19.8,0, 18:12:13:
912,41.00,19.8,0, 18:12:14:
913,41.00,19.8,0, 18:12:15:
914,41.00,19.8,0, 18:12:16:
915,41.00,19.8,0, 18:12:17:
916,41.00,19.8,0, 18:12:18:
917,41.00,19.8,0, 18:12:19:
918,41.00,19.8,0, 18:12:20:
919,41.00,19.8,0, 18:12:21:
920,41.00,19.8,0, 18:12:22:
921,41.00,19.8,0, 18:12:23:
922,41.00,19.8,0, 18:12:24:
923,41.00,19.8,0, 18:12:25:
924,41.00,19.8,0, 18:12:26:
925,41.00,19.8,0, 18:12:27:
926,41.00,19.8,0, 18:12:28:
927,41.00,19.8,0, 18:12:29:
928,41.00,19.8,0, 18:12:30:
929,41.00,19.8,0, 18:12:31:
930,41.00,19.8,0, 18:12:32:
931,41.00,19.8,0, 18:12:33:
932,41.00,19.8,0, 18:12:34:
933,41.00,19.8,0, 18:12:35:
934,41.00,19.8,0, 18:12:36:
935,41.00,19.8,0, 18:12:37:
936,41.00,19.8,0, 18:12:38:
937,41.00,19.8,0, 18:12:39:
938,41.00,19.8,0, 18:12:40:
939,41.00,19.8,0, 18:12:41:
940,41.00,19.8,0, 18:12:42:
941,41.00,19.8,0, 18:12:43:
942,41.00,19.8,0, 18:12:44:
943,41.00,19.8,0, 18:12:45:
944,41.00,19.8,0, 18:12:46:
945,41.00,19.8,0, 18:12:47:
946,41.00,19.8,0, 18:12:48:
947,41.00,19.8,0, 18:12:49:
948,41.00,19.8,0, 18:12:50:
949,41.00,19.8,0, 18:12:51:
950,41.00,19.8,0, 18:12:52:
951,41.00,19.8,0, 18:12:53:
952,41.00,19.8,0, 18:12:54:
953,41.00,19.8,0, 18:12:55:
954,41.00,19.8,0, 18:12:56:
955,41.00,19.8,0, 18:12:57:
956,41.00,19.8,0, 18:12:58:
957,41.00,19.8,0, 18:12:59:
958,41.00,19.8,0," 18:13:0:"
959,41.00,19.8,0," 18:13:1:"
960,41.00,19.8,0," 18:13:2:"
961,41.00,19.8,0," 18:13:3:"
962,41.00,19.8,0," 18:13:4:"
963,41.00,19.8,0," 18:13:5:"
964,41.00,19.8,0," 18:13:6:"
965,41.00,19.8,0," 18:13:7:"
966,41.00,19.8,0," 18:13:8:"
967,41.00,19.8,0," 18:13:9:"
968,41.00,19.8,0, 18:13:10:
969,41.00,19.8,0, 18:13:11:
970,41.00,19.8,0, 18:13:12:
971,41.00,19.8,0, 18:13:13:
972,41.00,19.8,0, 18:13:14:
973,41.00,19.8,0, 18:13:15:
974,41.00,19.8,0, 18:13:16:
975,41.00,19.8,0, 18:13:17:
976,41.00,19.8,0, 18:13:18:
977,41.00,19.8,0, 18:13:19:
978,41.00,19.8,0, 18:13:20:
979,41.00,19.8,0, 18:13:21:
980,41.00,19.8,0, 18:13:22:
981,41.00,19.8,0, 18:13:23:
982,41.00,19.8,0, 18:13:24:
983,41.00,19.8,0, 18:13:25:
984,41.00,19.8,0, 18:13:26:
985,41.00,19.8,0, 18:13:27:
986,41.00,19.8,0, 18:13:28:
987,41.00,19.8,0, 18:13:29:
988,41.00,19.8,0, 18:13:30:
989,41.00,19.8,0, 18:13:31:
990,41.00,19.8,0, 18:13:32:
991,41.00,19.8,0, 18:13:33:
992,41.00,19.8,0, 18:13:34:
993,41.00,19.8,0, 18:13:35:
994,41.00,19.8,0, 18:13:36:
995,41.00,19.8,0, 18:13:37:
996,41.00,19.8,0, 18:13:38:
997,41.00,19.8,0, 18:13:39:
998,41.00,19.8,0, 18:13:40:
999,41.00,19.8,0, 18:13:41:
1000,41.00,19.8,0, 18:13:42:
1001,41.00,19.8,0, 18:13:43:
1002,41.00,19.8,0, 18:13:44:
1003,41.00,19.8,0, 18:13:45:
1004,41.00,19.8,0, 18:13:46:
1005,41.00,19.8,0, 18:13:47:
1006,41.00,19.8,0, 18:13:48:
1007,41.00,19.8,0, 18:13:49:
1008,41.00,19.8,0, 18:13:50:
1009,41.00,19.8,0, 18:13:51:
1010,41.00,19.8,0, 18:13:52:
1011,41.00,19.8,0, 18:13:53:
1012,41.00,19.8,0, 18:13:54:
1013,41.00,19.8,0, 18:13:55:
1014,42.00,19.8,0, 18:13:56:
1015,42.00,19.8,0, 18:13:57:
1016,42.00,19.8,0, 18:13:58:
1017,42.00,19.8,0, 18:13:59:
1018,42.00,19.8,0," 18:14:0:"
1019,42.00,19.8,0," 18:14:1:"
1020,42.00,19.8,0," 18:14:2:"
1021,42.00,19.8,0," 18:14:3:"
1022,42.00,19.8,0," 18:14:4:"
1023,42.00,19.8,0," 18:14:5:"
1024,42.00,19.8,0," 18:14:6:"
1025,42.00,19.8,0," 18:14:7:"
1026,42.00,19.8,0," 18:14:8:"
1027,42.00,19.8,0," 18:14:9:"
1028,42.00,19.8,0, 18:14:10:
1029,42.00,19.8,0, 18:14:11:
1030,42.00,19.8,0, 18:14:12:
1031,42.00,19.8,0, 18:14:13:
1032,42.00,19.8,0, 18:14:14:
1033,42.00,19.8,0, 18:14:15:
1034,42.00,19.8,0, 18:14:16:
1035,42.00,19.8,0, 18:14:17:
1036,42.00,19.8,0, 18:14:18:
1037,42.00,19.8,0, 18:14:19:
1038,42.00,19.8,0, 18:14:20:
1039,42.00,19.8,0, 18:14:21:
1040,42.00,19.8,0, 18:14:22:
1041,42.00,19.8,0, 18:14:23:
1042,42.00,19.8,0, 18:14:24:
1043,42.00,19.8,0, 18:14:25:
1044,42.00,19.8,0, 18:14:26:
1045,42.00,19.8,0, 18:14:27:
1046,42.00,19.8,0, 18:14:28:
1047,42.00,19.8,0, 18:14:29:
1048,42.00,19.8,0, 18:14:30:
1049,42.00,19.8,0, 18:14:31:
1050,42.00,19.8,0, 18:14:32:
1051,42.00,19.8,0, 18:14:33:
1052,42.00,19.8,0, 18:14:34:
1053,42.00,19.8,0, 18:14:35:
1054,42.00,19.8,0, 18:14:36:
1055,42.00,19.8,0, 18:14:37:
1056,42.00,19.8,0, 18:14:38:
1057,42.00,19.8,0, 18:14:39:
1058,42.00,19.8,0, 18:14:40:
1059,42.00,19.8,0, 18:14:41:
1060,42.00,19.8,0, 18:14:42:
1061,42.00,19.8,0, 18:14:43:
1062,42.00,19.8,0, 18:14:44:
1063,42.00,19.8,0, 18:14:45:
1064,42.00,19.8,0, 18:14:46:
1065,42.00,19.8,0, 18:14:47:
1066,42.00,19.8,0, 18:14:48:
1067,42.00,19.8,0, 18:14:49:
1068,42.00,19.8,0, 18:14:50:
1069,42.00,19.8,0, 18:14:51:
1070,42.00,19.8,0, 18:14:52:
1071,42.00,19.8,0, 18:14:53:
1072,42.00,19.8,0, 18:14:54:
1073,42.00,19.8,0, 18:14:55:
1074,42.00,19.8,0, 18:14:56:
1075,42.00,19.8,0, 18:14:57:
1076,42.00,19.8,0, 18:14:58:
1077,42.00,19.8,0, 18:14:59:
1078,42.00,19.8,0," 18:15:0:"
1079,42.00,19.8,0," 18:15:1:"
1080,42.00,19.8,0," 18:15:2:"
1081,42.00,19.8,0," 18:15:3:"
1082,42.00,19.8,0," 18:15:4:"
1083,42.00,19.8,0," 18:15:5:"
1084,42.00,19.8,0," 18:15:6:"
1085,42.00,19.8,0," 18:15:7:"
1086,42.00,19.8,0," 18:15:8:"
1087,42.00,19.8,0," 18:15:9:"
1088,42.00,19.8,0, 18:15:10:
1089,42.00,19.8,0, 18:15:11:
1090,42.00,19.8,0, 18:15:12:
1091,42.00,19.8,0, 18:15:13:
1092,42.00,19.8,0, 18:15:14:
1093,42.00,19.8,0, 18:15:15:
1094,42.00,19.8,0, 18:15:16:
1095,42.00,19.8,0, 18:15:17:
1096,42.00,19.8,0, 18:15:18:
1097,42.00,19.8,0, 18:15:19:
1098,42.00,19.7,0, 18:15:20:
1099,42.00,19.7,0, 18:15:21:
1100,42.00,19.8,0, 18:15:22:
1101,42.00,19.8,0, 18:15:23:
1102,42.00,19.8,0, 18:15:24:
1103,42.00,19.8,0, 18:15:25:
1104,42.00,19.8,0, 18:15:26:
1105,42.00,19.8,0, 18:15:27:
1106,42.00,19.7,0, 18:15:28:
1107,42.00,19.7,0, 18:15:29:
1108,42.00,19.8,0, 18:15:30:
1109,42.00,19.8,0, 18:15:31:
1110,42.00,19.8,0, 18:15:32:
1111,42.00,19.8,0, 18:15:33:
1112,42.00,19.7,0, 18:15:34:
1113,42.00,19.7,0, 18:15:35:
1114,42.00,19.7,0, 18:15:36:
1115,42.00,19.7,0, 18:15:37:
1116,42.00,19.8,0, 18:15:38:
1117,42.00,19.8,0, 18:15:39:
1118,42.00,19.7,0, 18:15:40:
1119,42.00,19.7,0, 18:15:41:
1120,42.00,19.7,0, 18:15:42:
1121,42.00,19.7,0, 18:15:43:
1122,42.00,19.7,0, 18:15:44:
1123,42.00,19.7,0, 18:15:45:
1124,42.00,19.8,0, 18:15:46:
1125,42.00,19.8,0, 18:15:47:
1126,42.00,19.7,0, 18:15:48:
1127,42.00,19.7,0, 18:15:49:
1128,42.00,19.7,0, 18:15:50:
1129,42.00,19.7,0, 18:15:51:
1130,42.00,19.8,0, 18:15:52:
1131,42.00,19.8,0, 18:15:53:
1132,42.00,19.8,0, 18:15:54:
1133,42.00,19.8,0, 18:15:55:
1134,42.00,19.7,0, 18:15:56:
1135,42.00,19.7,0, 18:15:57:
1136,42.00,19.7,0, 18:15:58:
1137,42.00,19.7,0, 18:15:59:
1138,42.00,19.7,0," 18:16:0:"
1139,42.00,19.7,0," 18:16:1:"
1140,42.00,19.8,0," 18:16:2:"
1141,42.00,19.8,0," 18:16:3:"
1142,42.00,19.8,0," 18:16:4:"
1143,42.00,19.8,0," 18:16:5:"
1144,42.00,19.7,0," 18:16:6:"
1145,42.00,19.7,0," 18:16:7:"
1146,42.00,19.7,0," 18:16:8:"
1147,42.00,19.7,0," 18:16:9:"
1148,42.00,19.7,0, 18:16:10:
1149,42.00,19.7,0, 18:16:11:
1150,42.00,19.7,0, 18:16:12:
1151,42.00,19.7,0, 18:16:13:
1152,42.00,19.7,0, 18:16:14:
1153,42.00,19.7,0, 18:16:15:
1154,42.00,19.7,0, 18:16:16:
1155,42.00,19.7,0, 18:16:17:
1156,42.00,19.7,0, 18:16:18:
1157,42.00,19.7,0, 18:16:19:
1158,42.00,19.7,0, 18:16:20:
1159,42.00,19.7,0, 18:16:21:
1160,42.00,19.7,0, 18:16:22:
1161,42.00,19.7,0, 18:16:23:
1162,42.00,19.7,0, 18:16:24:
1163,42.00,19.7,0, 18:16:25:
1164,42.00,19.7,0, 18:16:26:
1165,42.00,19.7,0, 18:16:27:
1166,42.00,19.7,0, 18:16:28:
1167,42.00,19.7,0, 18:16:29:
1168,42.00,19.7,0, 18:16:30:
1169,42.00,19.7,0, 18:16:31:
1170,42.00,19.8,0, 18:16:32:
1171,42.00,19.8,0, 18:16:33:
1172,42.00,19.7,0, 18:16:34:
1173,42.00,19.7,0, 18:16:35:
1174,42.00,19.7,0, 18:16:36:
1175,42.00,19.7,0, 18:16:37:
1176,42.00,19.7,0, 18:16:38:
1177,42.00,19.7,0, 18:16:39:
1178,42.00,19.7,0, 18:16:40:
1179,42.00,19.7,0, 18:16:41:
1180,42.00,19.7,0, 18:16:42:
1181,42.00,19.7,0, 18:16:43:
1182,42.00,19.7,0, 18:16:44:
1183,42.00,19.7,0, 18:16:45:
1184,42.00,19.7,0, 18:16:46:
1185,42.00,19.7,0, 18:16:47:
1186,42.00,19.7,0, 18:16:48:
1187,42.00,19.7,0, 18:16:49:
1188,42.00,19.7,0, 18:16:50:
1189,42.00,19.7,0, 18:16:51:
1190,42.00,19.7,0, 18:16:52:
1191,42.00,19.7,0, 18:16:53:
1192,42.00,19.7,0, 18:16:54:
1193,42.00,19.7,0, 18:16:55:
1194,42.00,19.7,0, 18:16:56:
1195,42.00,19.7,0, 18:16:57:
1196,42.00,19.7,0, 18:16:58:
1197,42.00,19.7,0, 18:16:59:
1198,42.00,19.7,0," 18:17:0:"
1199,42.00,19.7,0," 18:17:1:"
1200,42.00,19.7,0," 18:17:2:"
1201,42.00,19.7,0," 18:17:3:"
1202,42.00,19.7,0," 18:17:4:"
1203,42.00,19.7,0," 18:17:5:"
1204,42.00,19.7,0," 18:17:6:"
1205,42.00,19.7,0," 18:17:7:"
1206,42.00,19.7,0," 18:17:8:"
1207,42.00,19.7,0," 18:17:9:"
1208,42.00,19.7,0, 18:17:10:
1209,42.00,19.7,0, 18:17:11:
1210,42.00,19.7,0, 18:17:12:
1211,42.00,19.7,0, 18:17:13:
1212,42.00,19.7,0, 18:17:14:
1213,42.00,19.7,0, 18:17:15:
1214,42.00,19.7,0, 18:17:16:
1215,42.00,19.7,0, 18:17:17:
1216,42.00,19.7,0, 18:17:18:
1217,42.00,19.7,0, 18:17:19:
1218,42.00,19.7,0, 18:17:20:
1219,42.00,19.7,0, 18:17:21:
1220,42.00,19.7,0, 18:17:22:
1221,42.00,19.7,0, 18:17:23:
1222,42.00,19.7,0, 18:17:24:
1223,42.00,19.7,0, 18:17:25:
1224,42.00,19.7,0, 18:17:26:
1225,42.00,19.7,0, 18:17:27:
1226,42.00,19.7,0, 18:17:28:
1227,42.00,19.7,0, 18:17:29:
1228,42.00,19.7,0, 18:17:30:
1229,42.00,19.7,0, 18:17:31:
1230,42.00,19.7,0, 18:17:32:
1231,42.00,19.7,0, 18:17:33:
1232,42.00,19.7,0, 18:17:34:
1233,42.00,19.7,0, 18:17:35:
1234,42.00,19.7,0, 18:17:36:
1235,42.00,19.7,0, 18:17:37:
1236,42.00,19.7,0, 18:17:38:
1237,42.00,19.7,0, 18:17:39:
1238,42.00,19.7,0, 18:17:40:
1239,42.00,19.7,0, 18:17:41:
1240,42.00,19.7,0, 18:17:42:
1241,42.00,19.7,0, 18:17:43:
1242,42.00,19.7,0, 18:17:44:
1243,42.00,19.7,0, 18:17:45:
1244,42.00,19.7,0, 18:17:46:
1245,42.00,19.7,0, 18:17:47:
1246,42.00,19.7,0, 18:17:48:
1247,42.00,19.7,0, 18:17:49:
1248,42.00,19.7,0, 18:17:50:
1249,42.00,19.7,0, 18:17:51:
1250,42.00,19.7,0, 18:17:52:
1251,42.00,19.7,0, 18:17:53:
1252,42.00,19.7,0, 18:17:54:
1253,42.00,19.7,0, 18:17:55:
1254,42.00,19.7,0, 18:17:56:
1255,42.00,19.7,0, 18:17:57:
1256,42.00,19.7,0, 18:17:58:
1257,42.00,19.7,0, 18:17:59:
1258,42.00,19.7,0," 18:18:0:"
1259,42.00,19.7,0," 18:18:1:"
1260,42.00,19.7,0," 18:18:2:"
1261,42.00,19.7,0," 18:18:3:"
1262,42.00,19.7,0," 18:18:4:"
1263,42.00,19.7,0," 18:18:5:"
1264,42.00,19.7,0," 18:18:6:"
1265,42.00,19.7,0," 18:18:7:"
1266,42.00,19.7,0," 18:18:8:"
1267,42.00,19.7,0," 18:18:9:"
1268,42.00,19.7,0, 18:18:10:
1269,42.00,19.7,0, 18:18:11:
1270,42.00,19.7,0, 18:18:12:
1271,42.00,19.7,0, 18:18:13:
1272,42.00,19.7,0, 18:18:14:
1273,42.00,19.7,0, 18:18:15:
1274,42.00,19.7,0, 18:18:16:
1275,42.00,19.7,0, 18:18:17:
1276,42.00,19.7,0, 18:18:18:
1277,42.00,19.7,0, 18:18:19:
1278,42.00,19.7,0, 18:18:20:
1279,42.00,19.7,0, 18:18:21:
1280,42.00,19.7,0, 18:18:22:
1281,42.00,19.7,0, 18:18:23:
1282,42.00,19.7,0, 18:18:24:
1283,42.00,19.7,0, 18:18:25:
1284,42.00,19.7,0, 18:18:26:
1285,42.00,19.7,0, 18:18:27:
1286,42.00,19.7,0, 18:18:28:
1287,42.00,19.7,0, 18:18:29:
1288,42.00,19.7,0, 18:18:30:
1289,42.00,19.7,0, 18:18:31:
1290,42.00,19.7,0, 18:18:32:
1291,42.00,19.7,0, 18:18:33:
1292,42.00,19.7,0, 18:18:34:
1293,42.00,19.7,0, 18:18:35:
1294,42.00,19.7,0, 18:18:36:
1295,42.00,19.7,0, 18:18:37:
1296,42.00,19.7,0, 18:18:38:
1297,42.00,19.7,0, 18:18:39:
1298,42.00,19.7,0, 18:18:40:
1299,42.00,19.7,0, 18:18:41:
1300,42.00,19.7,0, 18:18:42:
1301,42.00,19.7,0, 18:18:43:
1302,42.00,19.7,0, 18:18:44:
1303,42.00,19.7,0, 18:18:45:
1304,42.00,19.7,0, 18:18:46:
1305,42.00,19.7,0, 18:18:47:
1306,42.00,19.7,0, 18:18:48:
1307,42.00,19.7,0, 18:18:49:
1308,42.00,19.7,0, 18:18:50:
1309,42.00,19.7,0, 18:18:51:
1310,42.00,19.7,0, 18:18:52:
1311,42.00,19.7,0, 18:18:53:
1312,42.00,19.7,0, 18:18:54:
1313,42.00,19.7,0, 18:18:55:
1314,42.00,19.7,0, 18:18:56:
1315,42.00,19.7,0, 18:18:57:
1316,42.00,19.7,0, 18:18:58:
1317,42.00,19.7,0, 18:18:59:
1318,42.00,19.7,0," 18:19:0:"
1319,42.00,19.7,0," 18:19:1:"
1320,42.00,19.7,0," 18:19:2:"
1321,42.00,19.7,0," 18:19:3:"
1322,42.00,19.7,0," 18:19:4:"
1323,42.00,19.7,0," 18:19:5:"
1324,42.00,19.7,0," 18:19:6:"
1325,42.00,19.7,0," 18:19:7:"
1326,42.00,19.7,0," 18:19:8:"
1327,42.00,19.7,0," 18:19:9:"
1328,42.00,19.7,0, 18:19:10:
1329,42.00,19.7,0, 18:19:11:
1330,42.00,19.7,0, 18:19:12:
1331,42.00,19.7,0, 18:19:13:
1332,42.00,19.7,0, 18:19:14:
1333,42.00,19.7,0, 18:19:15:
1334,42.00,19.7,0, 18:19:16:
1335,42.00,19.7,0, 18:19:17:
1336,42.00,19.7,0, 18:19:18:
1337,42.00,19.7,0, 18:19:19:
1338,42.00,19.7,0, 18:19:20:
1339,42.00,19.7,0, 18:19:21:
1340,42.00,19.7,0, 18:19:22:
1341,42.00,19.7,0, 18:19:23:
1342,42.00,19.7,0, 18:19:24:
1343,42.00,19.7,0, 18:19:25:
1344,42.00,19.7,0, 18:19:26:
1345,42.00,19.7,0, 18:19:27:
1346,42.00,19.7,0, 18:19:28:
1347,42.00,19.7,0, 18:19:29:
1348,42.00,19.7,0, 18:19:30:
1349,42.00,19.7,0, 18:19:31:
1350,42.00,19.7,0, 18:19:32:
1351,42.00,19.7,0, 18:19:33:
1352,42.00,19.7,0, 18:19:34:
1353,42.00,19.7,0, 18:19:35:
1354,42.00,19.7,0, 18:19:36:
1355,42.00,19.7,0, 18:19:37:
1356,42.00,19.7,0, 18:19:38:
1357,42.00,19.7,0, 18:19:39:
1358,42.00,19.7,0, 18:19:40:
1359,42.00,19.7,0, 18:19:41:
1360,42.00,19.7,0, 18:19:42:
1361,42.00,19.7,0, 18:19:43:
1362,42.00,19.7,0, 18:19:44:
1363,42.00,19.7,0, 18:19:45:
1364,42.00,19.7,0, 18:19:46:
1365,42.00,19.7,0, 18:19:47:
1366,42.00,19.7,0, 18:19:48:
1367,42.00,19.7,0, 18:19:49:
1368,42.00,19.7,0, 18:19:50:
1369,42.00,19.7,0, 18:19:51:
1370,42.00,19.7,0, 18:19:52:
1371,42.00,19.7,0, 18:19:53:
1372,42.00,19.7,0, 18:19:54:
1373,42.00,19.7,0, 18:19:55:
1374,42.00,19.7,0, 18:19:56:
1375,42.00,19.7,0, 18:19:57:
1376,42.00,19.7,0, 18:19:58:
1377,42.00,19.7,0, 18:19:59:
1378,42.00,19.7,0," 18:20:0:"
1379,42.00,19.7,0," 18:20:1:"
1380,42.00,19.7,0," 18:20:2:"
1381,42.00,19.7,0," 18:20:3:"
1382,42.00,19.7,0," 18:20:4:"
1383,42.00,19.7,0," 18:20:5:"
1384,42.00,19.7,0," 18:20:6:"
1385,42.00,19.7,0," 18:20:7:"
1386,42.00,19.7,0," 18:20:8:"
1387,42.00,19.7,0," 18:20:9:"
1388,42.00,19.7,0, 18:20:10:
1389,42.00,19.7,0, 18:20:11:
1390,42.00,19.7,0, 18:20:12:
1391,42.00,19.7,0, 18:20:13:
1392,42.00,19.7,0, 18:20:14:
1393,42.00,19.7,0, 18:20:15:
1394,42.00,19.7,0, 18:20:16:
1395,42.00,19.7,0, 18:20:17:
1396,42.00,19.7,0, 18:20:18:
1397,42.00,19.7,0, 18:20:19:
1398,42.00,19.7,0, 18:20:20:
1399,42.00,19.7,0, 18:20:21:
1400,42.00,19.7,0, 18:20:22:
1401,42.00,19.7,0, 18:20:23:
1402,42.00,19.7,0, 18:20:24:
1403,42.00,19.7,0, 18:20:25:
1404,42.00,19.7,0, 18:20:26:
1405,42.00,19.7,0, 18:20:27:
1406,42.00,19.7,0, 18:20:28:
1407,42.00,19.7,0, 18:20:29:
1408,42.00,19.7,0, 18:20:30:
1409,42.00,19.7,0, 18:20:31:
1410,42.00,19.7,0, 18:20:32:
1411,42.00,19.7,0, 18:20:33:
1412,42.00,19.7,0, 18:20:34:
1413,42.00,19.7,0, 18:20:35:
1414,42.00,19.7,0, 18:20:36:
1415,42.00,19.7,0, 18:20:37:
1416,42.00,19.7,0, 18:20:38:
1417,42.00,19.7,0, 18:20:39:
1418,42.00,19.7,0, 18:20:40:
1419,42.00,19.7,0, 18:20:41:
1420,42.00,19.7,0, 18:20:42:
1421,42.00,19.7,0, 18:20:43:
1422,42.00,19.7,0, 18:20:44:
1423,42.00,19.7,0, 18:20:45:
1424,42.00,19.7,0, 18:20:46:
1425,42.00,19.7,0, 18:20:47:
1426,42.00,19.7,0, 18:20:48:
1427,42.00,19.7,0, 18:20:49:
1428,42.00,19.7,0, 18:20:50:
1429,42.00,19.7,0, 18:20:51:
1430,42.00,19.7,0, 18:20:52:
1431,42.00,19.7,0, 18:20:53:
1432,42.00,19.7,0, 18:20:54:
1433,42.00,19.7,0, 18:20:55:
1434,42.00,19.7,0, 18:20:56:
1435,42.00,19.7,0, 18:20:57:
1436,42.00,19.7,0, 18:20:58:
1437,42.00,19.7,0, 18:20:59:
1438,42.00,19.7,0," 18:21:0:"
1439,42.00,19.7,0," 18:21:1:"
1440,42.00,19.7,0," 18:21:2:"
1441,42.00,19.7,0," 18:21:3:"
1442,42.00,19.7,0," 18:21:4:"
1443,42.00,19.7,0," 18:21:5:"
1444,42.00,19.7,0," 18:21:6:"
1445,42.00,19.7,0," 18:21:7:"
1446,42.00,19.7,0," 18:21:8:"
1447,42.00,19.7,0," 18:21:9:"
1448,42.00,19.7,0, 18:21:10:
1449,42.00,19.7,0, 18:21:11:
1450,42.00,19.7,0, 18:21:12:
1451,42.00,19.7,0, 18:21:13:
1452,42.00,19.7,0, 18:21:14:
1453,42.00,19.7,0, 18:21:15:
1454,42.00,19.7,0, 18:21:16:
1455,42.00,19.7,0, 18:21:17:
1456,42.00,19.7,0, 18:21:18:
1457,42.00,19.7,0, 18:21:19:
1458,42.00,19.7,0, 18:21:20:
1459,42.00,19.7,0, 18:21:21:
1460,42.00,19.7,0, 18:21:22:
1461,42.00,19.7,0, 18:21:23:
1462,42.00,19.7,0, 18:21:24:
1463,42.00,19.7,0, 18:21:25:
1464,42.00,19.7,0, 18:21:26:
1465,42.00,19.7,0, 18:21:27:
1466,42.00,19.7,0, 18:21:28:
1467,42.00,19.7,0, 18:21:29:
1468,42.00,19.7,0, 18:21:30:
1469,42.00,19.7,0, 18:21:31:
1470,42.00,19.7,0, 18:21:32:
1471,42.00,19.7,0, 18:21:33:
1472,42.00,19.7,0, 18:21:34:
1473,42.00,19.7,0, 18:21:35:
1474,42.00,19.7,0, 18:21:36:
1475,42.00,19.7,0, 18:21:37:
1476,42.00,19.7,0, 18:21:38:
1477,42.00,19.7,0, 18:21:39:
1478,42.00,19.7,0, 18:21:40:
1479,42.00,19.7,0, 18:21:41:
1480,42.00,19.7,0, 18:21:42:
1481,42.00,19.7,0, 18:21:43:
1482,42.00,19.7,0, 18:21:44:
1483,42.00,19.7,0, 18:21:45:
1484,42.00,19.7,0, 18:21:46:
1485,42.00,19.7,0, 18:21:47:
1486,42.00,19.7,0, 18:21:48:
1487,42.00,19.7,0, 18:21:49:
1488,42.00,19.7,0, 18:21:50:
1489,42.00,19.7,0, 18:21:51:
1490,42.00,19.7,0, 18:21:52:
1491,42.00,19.7,0, 18:21:53:
1492,42.00,19.7,0, 18:21:54:
1493,42.00,19.7,0, 18:21:55:
1494,42.00,19.7,0, 18:21:56:
1495,42.00,19.7,0, 18:21:57:
1496,42.00,19.7,0, 18:21:58:
1497,42.00,19.7,0, 18:21:59:
1498,42.00,19.7,0," 18:22:0:"
1499,42.00,19.7,0," 18:22:1:"
1500,42.00,19.7,0," 18:22:2:"
1501,42.00,19.7,0," 18:22:3:"
1502,42.00,19.7,0," 18:22:4:"
1503,42.00,19.7,0," 18:22:5:"
1504,42.00,19.7,0," 18:22:6:"
1505,42.00,19.7,0," 18:22:7:"
1506,42.00,19.7,0," 18:22:8:"
1507,42.00,19.7,0," 18:22:9:"
1508,42.00,19.7,0, 18:22:10:
1509,42.00,19.7,0, 18:22:11:
1510,42.00,19.7,0, 18:22:12:
1511,42.00,19.7,0, 18:22:13:
1512,42.00,19.7,0, 18:22:14:
1513,42.00,19.7,0, 18:22:15:
1514,42.00,19.7,0, 18:22:16:
1515,42.00,19.7,0, 18:22:17:
1516,42.00,19.7,0, 18:22:18:
1517,42.00,19.7,0, 18:22:19:
1518,42.00,19.7,0, 18:22:20:
1519,42.00,19.7,0, 18:22:21:
1520,42.00,19.7,0, 18:22:22:
1521,42.00,19.7,0, 18:22:23:
1522,42.00,19.7,0, 18:22:24:
1523,42.00,19.7,0, 18:22:25:
1524,42.00,19.7,0, 18:22:26:
1525,42.00,19.7,0, 18:22:27:
1526,42.00,19.7,0, 18:22:28:
1527,42.00,19.7,0, 18:22:29:
1528,42.00,19.7,0, 18:22:30:
1529,42.00,19.7,0, 18:22:31:
1530,42.00,19.7,0, 18:22:32:
1531,42.00,19.7,0, 18:22:33:
1532,42.00,19.7,0, 18:22:34:
1533,42.00,19.7,0, 18:22:35:
1534,42.00,19.7,0, 18:22:36:
1535,42.00,19.7,0, 18:22:37:
1536,42.00,19.7,0, 18:22:38:
1537,42.00,19.7,0, 18:22:39:
1538,42.00,19.7,0, 18:22:40:
1539,42.00,19.7,0, 18:22:41:
1540,42.00,19.7,0, 18:22:42:
1541,42.00,19.7,0, 18:22:43:
1542,42.00,19.7,0, 18:22:44:
1543,42.00,19.7,0, 18:22:45:
1544,42.00,19.7,0, 18:22:46:
1545,42.00,19.7,0, 18:22:47:
1546,42.00,19.7,0, 18:22:48:
1547,42.00,19.7,0, 18:22:49:
1548,42.00,19.7,0, 18:22:50:
1549,42.00,19.7,0, 18:22:51:
1550,42.00,19.7,0, 18:22:52:
1551,42.00,19.7,0, 18:22:53:
1552,42.00,19.7,0, 18:22:54:
1553,42.00,19.7,0, 18:22:55:
1554,42.00,19.7,0, 18:22:56:
1555,42.00,19.7,0, 18:22:57:
1556,42.00,19.7,0, 18:22:58:
1557,42.00,19.7,0, 18:22:59:
1558,42.00,19.7,0," 18:23:0:"
1559,42.00,19.7,0," 18:23:1:"
1560,42.00,19.7,0," 18:23:2:"
1561,42.00,19.7,0," 18:23:3:"
1562,42.00,19.7,0," 18:23:4:"
1563,42.00,19.7,0," 18:23:5:"
1564,42.00,19.7,0," 18:23:6:"
1565,42.00,19.7,0," 18:23:7:"
1566,42.00,19.7,0," 18:23:8:"
1567,42.00,19.7,0," 18:23:9:"
1568,42.00,19.7,0, 18:23:10:
1569,42.00,19.7,0, 18:23:11:
1570,42.00,19.7,0, 18:23:12:
1571,42.00,19.7,0, 18:23:13:
1572,42.00,19.7,0, 18:23:14:
1573,42.00,19.7,0, 18:23:15:
1574,42.00,19.7,0, 18:23:16:
1575,42.00,19.7,0, 18:23:17:
1576,42.00,19.7,0, 18:23:18:
1577,42.00,19.7,0, 18:23:19:
1578,42.00,19.7,0, 18:23:20:
1579,42.00,19.7,0, 18:23:21:
1580,42.00,19.7,0, 18:23:22:
1581,42.00,19.7,0, 18:23:23:
1582,42.00,19.7,0, 18:23:24:
1583,42.00,19.7,0, 18:23:25:
1584,42.00,19.7,0, 18:23:26:
1585,42.00,19.7,0, 18:23:27:
1586,42.00,19.7,0, 18:23:28:
1587,42.00,19.7,0, 18:23:29:
1588,42.00,19.7,0, 18:23:30:
1589,42.00,19.7,0, 18:23:31:
1590,42.00,19.7,0, 18:23:32:
1591,42.00,19.7,0, 18:23:33:
1592,42.00,19.7,0, 18:23:34:
1593,42.00,19.7,0, 18:23:35:
1594,42.00,19.7,0, 18:23:36:
1595,42.00,19.7,0, 18:23:37:
1596,42.00,19.7,0, 18:23:38:
1597,42.00,19.7,0, 18:23:39:
1598,42.00,19.7,0, 18:23:40:
1599,42.00,19.7,0, 18:23:41:
1600,42.00,19.7,0, 18:23:42:
1601,42.00,19.7,0, 18:23:43:
1602,42.00,19.7,0, 18:23:44:
1603,42.00,19.7,0, 18:23:45:
1604,42.00,19.7,0, 18:23:46:
1605,42.00,19.7,0, 18:23:47:
1606,42.00,19.7,0, 18:23:48:
1607,42.00,19.7,0, 18:23:49:
1608,42.00,19.7,0, 18:23:50:
1609,42.00,19.7,0, 18:23:51:
1610,42.00,19.7,0, 18:23:52:
1611,42.00,19.7,0, 18:23:53:
1612,42.00,19.7,0, 18:23:54:
1613,42.00,19.7,0, 18:23:55:
1614,42.00,19.7,0, 18:23:56:
1615,42.00,19.7,0, 18:23:57:
1616,42.00,19.7,0, 18:23:58:
1617,42.00,19.7,0, 18:23:59:
1618,42.00,19.7,0," 18:24:0:"
1619,42.00,19.7,0," 18:24:1:"
1620,42.00,19.7,0," 18:24:2:"
1621,42.00,19.7,0," 18:24:3:"
1622,42.00,19.7,0," 18:24:4:"
1623,42.00,19.7,0," 18:24:5:"
1624,42.00,19.7,0," 18:24:6:"
1625,42.00,19.7,0," 18:24:7:"
1626,42.00,19.7,0," 18:24:8:"
1627,42.00,19.7,0," 18:24:9:"
1628,42.00,19.7,0, 18:24:10:
1629,42.00,19.7,0, 18:24:11:
1630,42.00,19.7,0, 18:24:12:
1631,42.00,19.7,0, 18:24:13:
1632,42.00,19.7,0, 18:24:14:
1633,42.00,19.7,0, 18:24:15:
1634,42.00,19.7,0, 18:24:16:
1635,42.00,19.7,0, 18:24:17:
1636,42.00,19.7,0, 18:24:18:
1637,42.00,19.7,0, 18:24:19:
1638,42.00,19.7,0, 18:24:20:
1639,42.00,19.7,0, 18:24:21:
1640,42.00,19.7,0, 18:24:22:
1641,42.00,19.7,0, 18:24:23:
1642,42.00,19.7,0, 18:24:24:
1643,42.00,19.7,0, 18:24:25:
1644,42.00,19.7,0, 18:24:26:
1645,42.00,19.7,0, 18:24:27:
1646,42.00,19.7,0, 18:24:28:
1647,42.00,19.7,0, 18:24:29:
1648,42.00,19.7,0, 18:24:30:
1649,42.00,19.7,0, 18:24:31:
1650,42.00,19.7,0, 18:24:32:
1651,42.00,19.7,0, 18:24:33:
1652,42.00,19.7,0, 18:24:34:
1653,42.00,19.7,0, 18:24:35:
1654,42.00,19.7,0, 18:24:36:
1655,42.00,19.7,0, 18:24:37:
1656,42.00,19.7,0, 18:24:38:
1657,42.00,19.7,0, 18:24:39:
1658,42.00,19.7,0, 18:24:40:
1659,42.00,19.7,0, 18:24:41:
1660,42.00,19.7,0, 18:24:42:
1661,42.00,19.7,0, 18:24:43:
1662,42.00,19.7,0, 18:24:44:
1663,42.00,19.7,0, 18:24:45:
1664,42.00,19.7,0, 18:24:46:
1665,42.00,19.7,0, 18:24:47:
1666,42.00,19.7,0, 18:24:48:
1667,42.00,19.7,0, 18:24:49:
1668,42.00,19.7,0, 18:24:50:
1669,42.00,19.7,0, 18:24:51:
1670,42.00,19.7,0, 18:24:52:
1671,42.00,19.7,0, 18:24:53:
1672,42.00,19.7,0, 18:24:54:
1673,42.00,19.7,0, 18:24:55:
1674,42.00,19.7,0, 18:24:56:
1675,42.00,19.7,0, 18:24:57:
1676,42.00,19.7,0, 18:24:58:
1677,42.00,19.7,0, 18:24:59:
1678,42.00,19.7,0," 18:25:0:"
1679,42.00,19.7,0," 18:25:1:"
1680,42.00,19.7,0," 18:25:2:"
1681,42.00,19.7,0," 18:25:3:"
1682,42.00,19.7,0," 18:25:4:"
1683,42.00,19.7,0," 18:25:5:"
1684,42.00,19.7,0," 18:25:6:"
1685,42.00,19.7,0," 18:25:7:"
1686,42.00,19.7,0," 18:25:8:"
1687,42.00,19.7,0," 18:25:9:"
1688,42.00,19.7,0, 18:25:10:
1689,42.00,19.7,0, 18:25:11:
1690,42.00,19.7,0, 18:25:12:
1691,42.00,19.7,0, 18:25:13:
1692,42.00,19.7,0, 18:25:14:
1693,42.00,19.7,0, 18:25:15:
1694,42.00,19.7,0, 18:25:16:
1695,42.00,19.7,0, 18:25:17:
1696,42.00,19.7,0, 18:25:18:
1697,42.00,19.7,0, 18:25:19:
1698,42.00,19.7,0, 18:25:20:
1699,42.00,19.7,0, 18:25:21:
1700,42.00,19.7,0, 18:25:22:
1701,42.00,19.7,0, 18:25:23:
1702,42.00,19.7,0, 18:25:24:
1703,42.00,19.7,0, 18:25:25:
1704,42.00,19.7,0, 18:25:26:
1705,42.00,19.7,0, 18:25:27:
1706,42.00,19.7,0, 18:25:28:
1707,42.00,19.7,0, 18:25:29:
1708,42.00,19.7,0, 18:25:30:
1709,42.00,19.7,0, 18:25:31:
1710,42.00,19.7,0, 18:25:32:
1711,42.00,19.7,0, 18:25:33:
1712,42.00,19.7,0, 18:25:34:
1713,42.00,19.7,0, 18:25:35:
1714,42.00,19.7,0, 18:25:36:
1715,42.00,19.7,0, 18:25:37:
1716,42.00,19.7,0, 18:25:38:
1717,42.00,19.7,0, 18:25:39:
1718,42.00,19.7,0, 18:25:40:
1719,42.00,19.7,0, 18:25:41:
1720,42.00,19.7,0, 18:25:42:
1721,42.00,19.7,0, 18:25:43:
1722,42.00,19.7,0, 18:25:44:
1723,42.00,19.7,0, 18:25:45:
1724,42.00,19.7,0, 18:25:46:
1725,42.00,19.7,0, 18:25:47:
1726,42.00,19.7,0, 18:25:48:
1727,42.00,19.7,0, 18:25:49:
1728,42.00,19.7,0, 18:25:50:
1729,42.00,19.7,0, 18:25:51:
1730,42.00,19.7,0, 18:25:52:
1731,42.00,19.7,0, 18:25:53:
1732,42.00,19.7,0, 18:25:54:
1733,42.00,19.7,0, 18:25:55:
1734,42.00,19.7,0, 18:25:56:
1735,42.00,19.7,0, 18:25:57:
1736,42.00,19.7,0, 18:25:58:
1737,42.00,19.7,0, 18:25:59:
1738,42.00,19.7,0," 18:26:0:"
1739,42.00,19.7,0," 18:26:1:"
1740,42.00,19.7,0," 18:26:2:"
1741,42.00,19.7,0," 18:26:3:"
1742,42.00,19.7,0," 18:26:4:"
1743,42.00,19.7,0," 18:26:5:"
1744,42.00,19.7,0," 18:26:6:"
1745,42.00,19.7,0," 18:26:7:"
1746,42.00,19.7,0," 18:26:8:"
1747,42.00,19.7,0," 18:26:9:"
1748,42.00,19.7,0, 18:26:10:
1749,42.00,19.7,0, 18:26:11:
1750,42.00,19.7,0, 18:26:12:
1751,42.00,19.7,0, 18:26:13:
1752,42.00,19.7,0, 18:26:14:
1753,42.00,19.7,0, 18:26:15:
1754,42.00,19.7,0, 18:26:16:
1755,42.00,19.7,0, 18:26:17:
1756,42.00,19.7,0, 18:26:18:
1757,42.00,19.7,0, 18:26:19:
1758,42.00,19.7,0, 18:26:20:
1759,42.00,19.7,0, 18:26:21:
1760,42.00,19.7,0, 18:26:22:
1761,42.00,19.7,0, 18:26:23:
1762,42.00,19.7,0, 18:26:24:
1763,42.00,19.7,0, 18:26:25:
1764,42.00,19.7,0, 18:26:26:
1765,42.00,19.7,0, 18:26:27:
1766,42.00,19.7,0, 18:26:28:
1767,42.00,19.7,0, 18:26:29:
1768,42.00,19.7,0, 18:26:30:
1769,42.00,19.7,0, 18:26:31:
1770,42.00,19.7,0, 18:26:32:
1771,42.00,19.7,0, 18:26:33:
1772,42.00,19.7,0, 18:26:34:
1773,42.00,19.7,0, 18:26:35:
1774,42.00,19.7,0, 18:26:36:
1775,42.00,19.7,0, 18:26:37:
1776,42.00,19.7,0, 18:26:38:
1777,42.00,19.7,0, 18:26:39:
1778,42.00,19.7,0, 18:26:40:
1779,42.00,19.7,0, 18:26:41:
1780,42.00,19.7,0, 18:26:42:
1781,42.00,19.7,0, 18:26:43:
1782,42.00,19.7,0, 18:26:44:
1783,42.00,19.7,0, 18:26:45:
1784,42.00,19.7,0, 18:26:46:
1785,42.00,19.7,0, 18:26:47:
1786,42.00,19.7,0, 18:26:48:
1787,42.00,19.7,0, 18:26:49:
1788,42.00,19.7,0, 18:26:50:
1789,42.00,19.7,0, 18:26:51:
1790,42.00,19.7,0, 18:26:52:
1791,42.00,19.7,0, 18:26:53:
1792,42.00,19.7,0, 18:26:54:
1793,42.00,19.7,0, 18:26:55:
1794,42.00,19.7,0, 18:26:56:
1795,42.00,19.7,0, 18:26:57:
1796,42.00,19.7,0, 18:26:58:
1797,42.00,19.7,0, 18:26:59:
1798,42.00,19.7,0," 18:27:0:"
1799,42.00,19.7,0," 18:27:1:"
1800,42.00,19.7,0," 18:27:2:"
1801,42.00,19.7,0," 18:27:3:"
1802,42.00,19.7,0," 18:27:4:"
1803,42.00,19.7,0," 18:27:5:"
1804,42.00,19.7,0," 18:27:6:"
1805,42.00,19.7,0," 18:27:7:"
1806,42.00,19.7,0," 18:27:8:"
1807,42.00,19.7,0," 18:27:9:"
1808,42.00,19.7,0, 18:27:10:
1809,42.00,19.7,0, 18:27:11:
1810,42.00,19.7,0, 18:27:12:
1811,42.00,19.7,0, 18:27:13:
1812,42.00,19.7,0, 18:27:14:
1813,42.00,19.7,0, 18:27:15:
1814,42.00,19.7,0, 18:27:16:
1815,42.00,19.7,0, 18:27:17:
1816,42.00,19.7,0, 18:27:18:
1817,42.00,19.7,0, 18:27:19:
1818,42.00,19.7,0, 18:27:20:
1819,42.00,19.7,0, 18:27:21:
1820,42.00,19.7,0, 18:27:22:
1821,42.00,19.7,0, 18:27:23:
1822,42.00,19.7,0, 18:27:24:
1823,42.00,19.7,0, 18:27:25:
1824,42.00,19.7,0, 18:27:26:
1825,42.00,19.7,0, 18:27:27:
1826,42.00,19.7,0, 18:27:28:
1827,42.00,19.7,0, 18:27:29:
1828,42.00,19.7,0, 18:27:30:
1829,42.00,19.7,0, 18:27:31:
1830,42.00,19.7,0, 18:27:32:
1831,42.00,19.7,0, 18:27:33:
1832,42.00,19.7,0, 18:27:34:
1833,42.00,19.7,0, 18:27:35:
1834,42.00,19.7,0, 18:27:36:
1835,42.00,19.7,0, 18:27:37:
1836,42.00,19.7,0, 18:27:38:
1837,42.00,19.7,0, 18:27:39:
1838,42.00,19.7,0, 18:27:40:
1839,42.00,19.7,0, 18:27:41:
1840,42.00,19.7,0, 18:27:42:
1841,42.00,19.7,0, 18:27:43:
1842,42.00,19.7,0, 18:27:44:
1843,42.00,19.7,0, 18:27:45:
1844,42.00,19.7,0, 18:27:46:
1845,42.00,19.7,0, 18:27:47:
1846,42.00,19.7,0, 18:27:48:
1847,42.00,19.7,0, 18:27:49:
1848,42.00,19.7,0, 18:27:50:
1849,42.00,19.7,0, 18:27:51:
1850,42.00,19.7,0, 18:27:52:
1851,42.00,19.7,0, 18:27:53:
1852,42.00,19.7,0, 18:27:54:
1853,42.00,19.7,0, 18:27:55:
1854,42.00,19.7,0, 18:27:56:
1855,42.00,19.7,0, 18:27:57:
1856,42.00,19.7,0, 18:27:58:
1857,42.00,19.7,0, 18:27:59:
1858,42.00,19.7,0," 18:28:0:"
1859,42.00,19.7,0," 18:28:1:"
1860,42.00,19.7,0," 18:28:2:"
1861,42.00,19.7,0," 18:28:3:"
1862,42.00,19.7,0," 18:28:4:"
1863,42.00,19.7,0," 18:28:5:"
1864,42.00,19.7,0," 18:28:6:"
1865,42.00,19.7,0," 18:28:7:"
1866,42.00,19.7,0," 18:28:8:"
1867,42.00,19.7,0," 18:28:9:"
1868,42.00,19.7,0, 18:28:10:
1869,42.00,19.7,0, 18:28:11:
1870,42.00,19.7,0, 18:28:12:
1871,42.00,19.7,0, 18:28:13:
1872,42.00,19.7,0, 18:28:14:
1873,42.00,19.7,0, 18:28:15:
1874,42.00,19.7,0, 18:28:16:
1875,42.00,19.7,0, 18:28:17:
1876,42.00,19.7,0, 18:28:18:
1877,42.00,19.7,0, 18:28:19:
1878,42.00,19.7,0, 18:28:20:
1879,42.00,19.7,0, 18:28:21:
1880,42.00,19.7,0, 18:28:22:
1881,42.00,19.7,0, 18:28:23:
1882,42.00,19.7,0, 18:28:24:
1883,42.00,19.7,0, 18:28:25:
1884,42.00,19.7,0, 18:28:26:
1885,42.00,19.7,0, 18:28:27:
1886,42.00,19.7,0, 18:28:28:
1887,42.00,19.7,0, 18:28:29:
1888,42.00,19.7,0, 18:28:30:
1889,42.00,19.7,0, 18:28:31:
1890,42.00,19.7,0, 18:28:32:
1891,42.00,19.7,0, 18:28:33:
1892,42.00,19.7,0, 18:28:34:
1893,42.00,19.7,0, 18:28:35:
1894,42.00,19.7,0, 18:28:36:
1895,42.00,19.7,0, 18:28:37:
1896,42.00,19.7,0, 18:28:38:
1897,42.00,19.7,0, 18:28:39:
1898,42.00,19.8,0, 18:28:40:
1899,42.00,19.8,0, 18:28:41:
1900,42.00,19.7,0, 18:28:42:
1901,42.00,19.7,0, 18:28:43:
1902,42.00,19.8,0, 18:28:44:
1903,42.00,19.8,0, 18:28:45:
1904,42.00,19.8,0, 18:28:46:
1905,42.00,19.8,0, 18:28:47:
1906,42.00,19.8,0, 18:28:48:
1907,42.00,19.8,0, 18:28:49:
1908,42.00,19.8,0, 18:28:50:
1909,42.00,19.8,0, 18:28:51:
1910,42.00,19.8,0, 18:28:52:
1911,42.00,19.8,0, 18:28:53:
1912,42.00,19.8,0, 18:28:54:
1913,42.00,19.8,0, 18:28:55:
1914,42.00,19.8,0, 18:28:56:
1915,42.00,19.8,0, 18:28:57:
1916,42.00,19.8,0, 18:28:58:
1917,42.00,19.8,0, 18:28:59:
1918,42.00,19.8,0," 18:29:0:"
1919,42.00,19.8,0," 18:29:1:"
1920,42.00,19.8,0," 18:29:2:"
1921,42.00,19.8,0," 18:29:3:"
1922,42.00,19.8,0," 18:29:4:"
1923,42.00,19.8,0," 18:29:5:"
1924,42.00,19.8,0," 18:29:6:"
1925,42.00,19.8,0," 18:29:7:"
1926,42.00,19.8,0," 18:29:8:"
1927,42.00,19.8,0," 18:29:9:"
1928,42.00,19.8,0, 18:29:10:
1929,42.00,19.8,0, 18:29:11:
1930,42.00,19.8,0, 18:29:12:
1931,42.00,19.8,0, 18:29:13:
1932,42.00,19.8,0, 18:29:14:
1933,42.00,19.8,0, 18:29:15:
1934,42.00,19.8,0, 18:29:16:
1935,42.00,19.8,0, 18:29:17:
1936,42.00,19.8,0, 18:29:18:
1937,42.00,19.8,0, 18:29:19:
1938,42.00,19.8,0, 18:29:20:
1939,42.00,19.8,0, 18:29:21:
1940,42.00,19.8,0, 18:29:22:
1941,42.00,19.8,0, 18:29:23:
1942,42.00,19.8,0, 18:29:24:
1943,42.00,19.8,0, 18:29:25:
1944,42.00,19.8,0, 18:29:26:
1945,42.00,19.8,0, 18:29:27:
1946,42.00,19.8,0, 18:29:28:
1947,42.00,19.8,0, 18:29:29:
1948,42.00,19.8,0, 18:29:30:
1949,42.00,19.8,0, 18:29:31:
1950,42.00,19.8,0, 18:29:32:
1951,42.00,19.8,0, 18:29:33:
1952,42.00,19.8,0, 18:29:34:
1953,42.00,19.8,0, 18:29:35:
1954,42.00,19.8,0, 18:29:36:
1955,42.00,19.8,0, 18:29:37:
1956,42.00,19.8,0, 18:29:38:
1957,42.00,19.8,0, 18:29:39:
1958,42.00,19.8,0, 18:29:40:
1959,42.00,19.8,0, 18:29:41:
1960,42.00,19.8,0, 18:29:42:
1961,42.00,19.8,0, 18:29:43:
1962,42.00,19.8,0, 18:29:44:
1963,42.00,19.8,0, 18:29:45:
1964,42.00,19.8,0, 18:29:46:
1965,42.00,19.8,0, 18:29:47:
1966,42.00,19.8,0, 18:29:48:
1967,42.00,19.8,0, 18:29:49:
1968,42.00,19.8,0, 18:29:50:
1969,42.00,19.8,0, 18:29:51:
1970,42.00,19.8,0, 18:29:52:
1971,42.00,19.8,0, 18:29:53:
1972,42.00,19.8,0, 18:29:54:
1973,42.00,19.8,0, 18:29:55:
1974,42.00,19.8,0, 18:29:56:
1975,42.00,19.8,0, 18:29:57:
1976,42.00,19.8,0, 18:29:58:
1977,42.00,19.8,0, 18:29:59:
1978,42.00,19.8,0," 18:30:0:"
1979,42.00,19.8,0," 18:30:1:"
1980,42.00,19.8,0," 18:30:2:"
1981,42.00,19.8,0," 18:30:3:"
1982,42.00,19.8,0," 18:30:4:"
1983,42.00,19.8,0," 18:30:5:"
1984,43.00,19.9,0," 18:30:6:"
1985,43.00,19.9,0," 18:30:7:"
1986,43.00,19.8,0," 18:30:8:"
1987,43.00,19.8,0," 18:30:9:"
1988,43.00,19.9,0, 18:30:10:
1989,43.00,19.9,0, 18:30:11:
1990,43.00,19.9,0, 18:30:12:
1991,43.00,19.9,0, 18:30:13:
1992,43.00,19.9,0, 18:30:14:
1993,43.00,19.9,0, 18:30:15:
1994,43.00,19.9,0, 18:30:16:
1995,43.00,19.9,0, 18:30:17:
1996,43.00,19.9,0, 18:30:18:
1997,43.00,19.9,0, 18:30:19:
1998,43.00,19.9,0, 18:30:20:
1999,43.00,19.9,0, 18:30:21:
2000,43.00,19.9,0, 18:30:22:
2001,43.00,19.9,0, 18:30:23:
2002,43.00,19.9,0, 18:30:24:
2003,43.00,19.9,0, 18:30:25:
2004,43.00,19.9,0, 18:30:26:
2005,43.00,19.9,0, 18:30:27:
2006,43.00,19.9,0, 18:30:28:
2007,43.00,19.9,0, 18:30:29:
2008,43.00,19.9,0, 18:30:30:
2009,43.00,19.9,0, 18:30:31:
2010,43.00,19.9,0, 18:30:32:
2011,43.00,19.9,0, 18:30:33:
2012,43.00,19.9,0, 18:30:34:
2013,43.00,19.9,0, 18:30:35:
2014,43.00,19.9,0, 18:30:36:
2015,43.00,19.9,0, 18:30:37:
2016,43.00,19.9,0, 18:30:38:
2017,43.00,19.9,0, 18:30:39:
2018,43.00,19.9,0, 18:30:40:
2019,43.00,19.9,0, 18:30:41:
2020,43.00,19.9,0, 18:30:42:
2021,43.00,19.9,0, 18:30:43:
2022,43.00,19.9,0, 18:30:44:
2023,43.00,19.9,0, 18:30:45:
2024,43.00,19.9,0, 18:30:46:
2025,43.00,19.9,0, 18:30:47:
2026,43.00,19.9,0, 18:30:48:
2027,43.00,19.9,0, 18:30:49:
2028,43.00,19.9,0, 18:30:50:
2029,43.00,19.9,0, 18:30:51:
2030,43.00,19.9,0, 18:30:52:
2031,43.00,19.9,0, 18:30:53:
2032,43.00,19.9,0, 18:30:54:
2033,43.00,19.9,0, 18:30:55:
2034,43.00,19.9,0, 18:30:56:
2035,43.00,19.9,0, 18:30:57:
2036,43.00,19.9,0, 18:30:58:
2037,43.00,19.9,0, 18:30:59:
2038,43.00,19.9,0," 18:31:0:"
2039,43.00,19.9,0," 18:31:1:"
2040,43.00,19.9,0," 18:31:2:"
2041,43.00,19.9,0," 18:31:3:"
2042,43.00,19.9,0," 18:31:4:"
2043,43.00,19.9,0," 18:31:5:"
2044,42.00,19.9,0," 18:31:6:"
2045,42.00,19.9,0," 18:31:7:"
2046,42.00,19.9,0," 18:31:8:"
2047,42.00,19.9,0," 18:31:9:"
2048,42.00,19.9,0, 18:31:10:
2049,42.00,19.9,0, 18:31:11:
2050,42.00,19.9,0, 18:31:12:
2051,42.00,19.9,0, 18:31:13:
2052,42.00,19.9,0, 18:31:14:
2053,42.00,19.9,0, 18:31:15:
2054,42.00,19.9,0, 18:31:16:
2055,42.00,19.9,0, 18:31:17:
2056,42.00,19.9,0, 18:31:18:
2057,42.00,19.9,0, 18:31:19:
2058,42.00,19.9,0, 18:31:20:
2059,42.00,19.9,0, 18:31:21:
2060,42.00,19.9,0, 18:31:22:
2061,42.00,19.9,0, 18:31:23:
2062,42.00,19.9,0, 18:31:24:
2063,42.00,19.9,0, 18:31:25:
2064,42.00,19.9,0, 18:31:26:
2065,42.00,19.9,0, 18:31:27:
2066,42.00,19.9,0, 18:31:28:
2067,42.00,19.9,0, 18:31:29:
2068,42.00,19.9,0, 18:31:30:
2069,42.00,19.9,0, 18:31:31:
2070,42.00,19.9,0, 18:31:32:
2071,42.00,19.9,0, 18:31:33:
2072,42.00,19.9,0, 18:31:34:
2073,42.00,19.9,0, 18:31:35:
2074,42.00,19.9,0, 18:31:36:
2075,42.00,19.9,0, 18:31:37:
2076,42.00,19.9,0, 18:31:38:
2077,42.00,19.9,0, 18:31:39:
2078,42.00,19.9,0, 18:31:40:
2079,42.00,19.9,0, 18:31:41:
2080,42.00,19.9,0, 18:31:42:
2081,42.00,19.9,0, 18:31:43:
2082,42.00,19.9,0, 18:31:44:
2083,42.00,19.9,0, 18:31:45:
2084,42.00,19.9,0, 18:31:46:
2085,42.00,19.9,0, 18:31:47:
2086,42.00,19.9,0, 18:31:48:
2087,42.00,19.9,0, 18:31:49:
2088,42.00,19.9,0, 18:31:50:
2089,42.00,19.9,0, 18:31:51:
2090,42.00,19.9,0, 18:31:52:
2091,42.00,19.9,0, 18:31:53:
2092,42.00,19.9,0, 18:31:54:
2093,42.00,19.9,0, 18:31:55:
2094,42.00,19.9,0, 18:31:56:
2095,42.00,19.9,0, 18:31:57:
2096,42.00,19.9,0, 18:31:58:
2097,42.00,19.9,0, 18:31:59:
2098,42.00,19.9,0," 18:32:0:"
2099,42.00,19.9,0," 18:32:1:"
2100,42.00,19.9,0," 18:32:2:"
2101,42.00,19.9,0," 18:32:3:"
2102,42.00,19.9,0," 18:32:4:"
2103,42.00,19.9,0," 18:32:5:"
2104,42.00,19.9,0," 18:32:6:"
2105,42.00,19.9,0," 18:32:7:"
2106,42.00,19.9,0," 18:32:8:"
2107,42.00,19.9,0," 18:32:9:"
2108,42.00,19.9,0, 18:32:10:
2109,42.00,19.9,0, 18:32:11:
2110,42.00,19.9,0, 18:32:12:
2111,2.00 ,9.90, ,"18:32:13:"
2112,42.00,19.9,0, 18:32:14:
2113,42.00,19.9,0, 18:32:15:
2114,42.00,19.9,0, 18:32:16:
2115,42.00,19.9,0, 18:32:17:
2116,42.00,19.9,0, 18:32:18:
2117,42.00,19.9,0, 18:32:19:
2118,42.00,19.9,0, 18:32:20:
2119,42.00,19.9,0, 18:32:21:
2120,42.00,19.9,0, 18:32:22:
2121,42.00,19.9,0, 18:32:23:
2122,42.00,19.9,0, 18:32:24:
2123,42.00,19.9,0, 18:32:25:
2124,42.00,19.9,0, 18:32:26:
2125,42.00,19.9,0, 18:32:27:
2126,42.00,19.9,0, 18:32:28:
2127,42.00,19.9,0, 18:32:29:
2128,42.00,19.9,0, 18:32:30:
2129,42.00,19.9,0, 18:32:31:
2130,42.00,19.9,0, 18:32:32:
2131,42.00,19.9,0, 18:32:33:
2132,42.00,19.9,0, 18:32:34:
2133,42.00,19.9,0, 18:32:35:
2134,42.00,19.9,0, 18:32:36:
2135,42.00,19.9,0, 18:32:37:
2136,42.00,19.9,0, 18:32:38:
2137,42.00,19.9,0, 18:32:39:
2138,42.00,19.9,0, 18:32:40:
2139,42.00,19.9,0, 18:32:41:
2140,42.00,19.9,0, 18:32:42:
2141,42.00,19.9,0, 18:32:43:
2142,42.00,20.0,0, 18:32:44:
2143,42.00,20.0,0, 18:32:45:
2144,42.00,19.9,0, 18:32:46:
2145,42.00,19.9,0, 18:32:47:
2146,42.00,19.9,0, 18:32:48:
2147,42.00,19.9,0, 18:32:49:
2148,42.00,19.9,0, 18:32:50:
2149,42.00,19.9,0, 18:32:51:
2150,42.00,19.9,0, 18:32:52:
2151,42.00,19.9,0, 18:32:53:
2152,42.00,20.0,0, 18:32:54:
2153,42.00,20.0,0, 18:32:55:
2154,42.00,19.9,0, 18:32:56:
2155,42.00,19.9,0, 18:32:57:
2156,42.00,20.0,0, 18:32:58:
2157,42.00,20.0,0, 18:32:59:
2158,42.00,19.9,0," 18:33:0:"
2159,42.00,19.9,0," 18:33:1:"
2160,42.00,19.9,0," 18:33:2:"
2161,42.00,19.9,0," 18:33:3:"
2162,42.00,20.0,0," 18:33:4:"
2163,42.00,20.0,0," 18:33:5:"
2164,42.00,20.0,0," 18:33:6:"
2165,42.00,20.0,0," 18:33:7:"
2166,42.00,19.9,0," 18:33:8:"
2167,42.00,19.9,0," 18:33:9:"
2168,42.00,19.9,0, 18:33:10:
2169,42.00,19.9,0, 18:33:11:
2170,42.00,19.9,0, 18:33:12:
2171,42.00,19.9,0, 18:33:13:
2172,42.00,20.0,0, 18:33:14:
2173,42.00,20.0,0, 18:33:15:
2174,42.00,20.0,0, 18:33:16:
2175,42.00,20.0,0, 18:33:17:
2176,42.00,20.0,0, 18:33:18:
2177,42.00,20.0,0, 18:33:19:
2178,42.00,20.0,0, 18:33:20:
2179,42.00,20.0,0, 18:33:21:
2180,42.00,20.0,0, 18:33:22:
2181,42.00,20.0,0, 18:33:23:
2182,42.00,20.0,0, 18:33:24:
2183,42.00,20.0,0, 18:33:25:
2184,42.00,20.0,0, 18:33:26:
2185,42.00,20.0,0, 18:33:27:
2186,42.00,20.0,0, 18:33:28:
2187,42.00,20.0,0, 18:33:29:
2188,42.00,20.0,0, 18:33:30:
2189,42.00,20.0,0, 18:33:31:
2190,42.00,20.0,0, 18:33:32:
2191,42.00,20.0,0, 18:33:33:
2192,42.00,20.0,0, 18:33:34:
2193,42.00,20.0,0, 18:33:35:
2194,42.00,20.0,0, 18:33:36:
2195,42.00,20.0,0, 18:33:37:
2196,42.00,20.0,0, 18:33:38:
2197,42.00,20.0,0, 18:33:39:
2198,42.00,20.0,0, 18:33:40:
2199,42.00,20.0,0, 18:33:41:
2200,42.00,20.0,0, 18:33:42:
2201,42.00,20.0,0, 18:33:43:
2202,42.00,20.0,0, 18:33:44:
2203,42.00,20.0,0, 18:33:45:
2204,42.00,20.0,0, 18:33:46:
2205,42.00,20.0,0, 18:33:47:
2206,42.00,20.0,0, 18:33:48:
2207,42.00,20.0,0, 18:33:49:
2208,42.00,20.0,0, 18:33:50:
2209,42.00,20.0,0, 18:33:51:
2210,42.00,20.0,0, 18:33:52:
2211,42.00,20.0,0, 18:33:53:
2212,42.00,20.0,0, 18:33:54:
2213,42.00,20.0,0, 18:33:55:
2214,42.00,20.0,0, 18:33:56:
2215,42.00,20.0,0, 18:33:57:
2216,42.00,20.0,0, 18:33:58:
2217,42.00,20.0,0, 18:33:59:
2218,42.00,20.0,0," 18:34:0:"
2219,42.00,20.0,0," 18:34:1:"
2220,42.00,20.0,0," 18:34:2:"
2221,42.00,20.0,0," 18:34:3:"
2222,42.00,20.0,0," 18:34:4:"
2223,42.00,20.0,0," 18:34:5:"
2224,42.00,20.0,0," 18:34:6:"
2225,42.00,20.0,0," 18:34:7:"
2226,42.00,20.0,0," 18:34:8:"
2227,42.00,20.0,0," 18:34:9:"
2228,42.00,20.0,0, 18:34:10:
2229,42.00,20.0,0, 18:34:11:
2230,42.00,20.0,0, 18:34:12:
2231,42.00,20.0,0, 18:34:13:
2232,42.00,20.0,0, 18:34:14:
2233,42.00,20.0,0, 18:34:15:
2234,42.00,20.0,0, 18:34:16:
2235,42.00,20.0,0, 18:34:17:
2236,42.00,20.0,0, 18:34:18:
2237,42.00,20.0,0, 18:34:19:
2238,41.00,20.0,0, 18:34:20:
2239,41.00,20.0,0, 18:34:21:
2240,41.00,20.0,0, 18:34:22:
2241,41.00,20.0,0, 18:34:23:
2242,41.00,20.0,0, 18:34:24:
2243,41.00,20.0,0, 18:34:25:
2244,41.00,20.0,0, 18:34:26:
2245,41.00,20.0,0, 18:34:27:
2246,41.00,20.0,0, 18:34:28:
2247,41.00,20.0,0, 18:34:29:
2248,41.00,20.0,0, 18:34:30:
2249,41.00,20.0,0, 18:34:31:
2250,41.00,20.0,0, 18:34:32:
2251,41.00,20.0,0, 18:34:33:
2252,41.00,20.0,0, 18:34:34:
2253,41.00,20.0,0, 18:34:35:
2254,41.00,20.0,0, 18:34:36:
2255,41.00,20.0,0, 18:34:37:
2256,41.00,20.0,0, 18:34:38:
2257,41.00,20.0,0, 18:34:39:
2258,41.00,20.0,0, 18:34:40:
2259,41.00,20.0,0, 18:34:41:
2260,41.00,20.0,0, 18:34:42:
2261,41.00,20.0,0, 18:34:43:
2262,41.00,20.0,0, 18:34:44:
2263,41.00,20.0,0, 18:34:45:
2264,41.00,20.0,0, 18:34:46:
2265,41.00,20.0,0, 18:34:47:
2266,41.00,20.0,0, 18:34:48:
2267,41.00,20.0,0, 18:34:49:
2268,41.00,20.0,0, 18:34:50:
2269,41.00,20.0,0, 18:34:51:
2270,41.00,20.0,0, 18:34:52:
2271,41.00,20.0,0, 18:34:53:
2272,41.00,20.0,0, 18:34:54:
2273,41.00,20.0,0, 18:34:55:
2274,41.00,20.0,0, 18:34:56:
2275,41.00,20.0,0, 18:34:57:
2276,41.00,20.0,0, 18:34:58:
2277,41.00,20.0,0, 18:34:59:
2278,41.00,20.0,0," 18:35:0:"
2279,41.00,20.0,0," 18:35:1:"
2280,41.00,20.0,0," 18:35:2:"
2281,41.00,20.0,0," 18:35:3:"
2282,41.00,20.0,0," 18:35:4:"
2283,41.00,20.0,0," 18:35:5:"
2284,41.00,20.0,0," 18:35:6:"
2285,41.00,20.0,0," 18:35:7:"
2286,41.00,20.0,0," 18:35:8:"
2287,41.00,20.0,0," 18:35:9:"
2288,41.00,20.0,0, 18:35:10:
2289,41.00,20.0,0, 18:35:11:
2290,41.00,20.0,0, 18:35:12:
2291,41.00,20.0,0, 18:35:13:
2292,41.00,20.0,0, 18:35:14:
2293,41.00,20.0,0, 18:35:15:
2294,41.00,20.0,0, 18:35:16:
2295,41.00,20.0,0, 18:35:17:
2296,41.00,20.0,0, 18:35:18:
2297,41.00,20.0,0, 18:35:19:
2298,41.00,20.0,0, 18:35:20:
2299,41.00,20.0,0, 18:35:21:
2300,41.00,20.0,0, 18:35:22:
2301,41.00,20.0,0, 18:35:23:
2302,41.00,20.0,0, 18:35:24:
2303,41.00,20.0,0, 18:35:25:
2304,41.00,20.0,0, 18:35:26:
2305,41.00,20.0,0, 18:35:27:
2306,41.00,20.0,0, 18:35:28:
2307,41.00,20.0,0, 18:35:29:
2308,41.00,20.0,0, 18:35:30:
2309,41.00,20.0,0, 18:35:31:
2310,41.00,20.0,0, 18:35:32:
2311,41.00,20.0,0, 18:35:33:
2312,41.00,20.0,0, 18:35:34:
2313,41.00,20.0,0, 18:35:35:
2314,41.00,20.0,0, 18:35:36:
2315,41.00,20.0,0, 18:35:37:
2316,41.00,20.0,0, 18:35:38:
2317,41.00,20.0,0, 18:35:39:
2318,41.00,20.0,0, 18:35:40:
2319,41.00,20.0,0, 18:35:41:
2320,41.00,20.0,0, 18:35:42:
2321,41.00,20.0,0, 18:35:43:
2322,41.00,20.0,0, 18:35:44:
2323,41.00,20.0,0, 18:35:45:
2324,41.00,20.0,0, 18:35:46:
2325,41.00,20.0,0, 18:35:47:
2326,41.00,20.0,0, 18:35:48:
2327,41.00,20.0,0, 18:35:49:
2328,41.00,20.0,0, 18:35:50:
2329,41.00,20.0,0, 18:35:51:
2330,41.00,20.0,0, 18:35:52:
2331,41.00,20.0,0, 18:35:53:
2332,41.00,20.0,0, 18:35:54:
2333,41.00,20.0,0, 18:35:55:
2334,41.00,20.0,0, 18:35:56:
2335,41.00,20.0,0, 18:35:57:
2336,41.00,20.0,0, 18:35:58:
2337,41.00,20.0,0, 18:35:59:
2338,41.00,20.0,0," 18:36:0:"
2339,41.00,20.0,0," 18:36:1:"
2340,41.00,20.0,0," 18:36:2:"
2341,41.00,20.0,0," 18:36:3:"
2342,41.00,20.0,0," 18:36:4:"
2343,41.00,20.0,0," 18:36:5:"
2344,41.00,20.0,0," 18:36:6:"
2345,41.00,20.0,0," 18:36:7:"
2346,41.00,20.0,0," 18:36:8:"
2347,41.00,20.0,0," 18:36:9:"
2348,41.00,20.0,0, 18:36:10:
2349,41.00,20.0,0, 18:36:11:
2350,41.00,20.0,0, 18:36:12:
2351,41.00,20.0,0, 18:36:13:
2352,41.00,20.0,0, 18:36:14:
2353,41.00,20.0,0, 18:36:15:
2354,41.00,20.1,0, 18:36:16:
2355,41.00,20.1,0, 18:36:17:
2356,41.00,20.1,0, 18:36:18:
2357,41.00,20.1,0, 18:36:19:
2358,41.00,20.1,0, 18:36:20:
2359,41.00,20.1,0, 18:36:21:
2360,41.00,20.0,0, 18:36:22:
2361,41.00,20.0,0, 18:36:23:
2362,41.00,20.0,0, 18:36:24:
2363,41.00,20.0,0, 18:36:25:
2364,41.00,20.0,0, 18:36:26:
2365,41.00,20.0,0, 18:36:27:
2366,41.00,20.1,0, 18:36:28:
2367,41.00,20.1,0, 18:36:29:
2368,41.00,20.0,0, 18:36:30:
2369,41.00,20.0,0, 18:36:31:
2370,41.00,20.1,0, 18:36:32:
2371,41.00,20.1,0, 18:36:33:
2372,41.00,20.1,0, 18:36:34:
2373,41.00,20.1,0, 18:36:35:
2374,41.00,20.1,0, 18:36:36:
2375,41.00,20.1,0, 18:36:37:
2376,41.00,20.0,0, 18:36:38:
2377,41.00,20.0,0, 18:36:39:
2378,41.00,20.1,0, 18:36:40:
2379,41.00,20.1,0, 18:36:41:
2380,41.00,20.1,0, 18:36:42:
2381,41.00,20.1,0, 18:36:43:
2382,41.00,20.1,0, 18:36:44:
2383,41.00,20.1,0, 18:36:45:
2384,41.00,20.1,0, 18:36:46:
2385,41.00,20.1,0, 18:36:47:
2386,41.00,20.0,0, 18:36:48:
2387,41.00,20.0,0, 18:36:49:
2388,41.00,20.1,0, 18:36:50:
2389,41.00,20.1,0, 18:36:51:
2390,41.00,20.1,0, 18:36:52:
2391,41.00,20.1,0, 18:36:53:
2392,41.00,20.1,0, 18:36:54:
2393,41.00,20.1,0, 18:36:55:
2394,41.00,20.1,0, 18:36:56:
2395,41.00,20.1,0, 18:36:57:
2396,41.00,20.1,0, 18:36:58:
2397,41.00,20.1,0, 18:36:59:
2398,41.00,20.1,0," 18:37:0:"
2399,41.00,20.1,0," 18:37:1:"
2400,41.00,20.1,0," 18:37:2:"
2401,41.00,20.1,0," 18:37:3:"
2402,41.00,20.1,0," 18:37:4:"
2403,41.00,20.1,0," 18:37:5:"
2404,41.00,20.1,0," 18:37:6:"
2405,41.00,20.1,0," 18:37:7:"
2406,41.00,20.1,0," 18:37:8:"
2407,41.00,20.1,0," 18:37:9:"
2408,41.00,20.1,0, 18:37:10:
2409,41.00,20.1,0, 18:37:11:
2410,41.00,20.1,0, 18:37:12:
2411,41.00,20.1,0, 18:37:13:
2412,41.00,20.1,0, 18:37:14:
2413,41.00,20.1,0, 18:37:15:
2414,41.00,20.0,0, 18:37:16:
2415,41.00,20.0,0, 18:37:17:
2416,41.00,20.1,0, 18:37:18:
2417,41.00,20.1,0, 18:37:19:
2418,41.00,20.1,0, 18:37:20:
2419,41.00,20.1,0, 18:37:21:
2420,41.00,20.1,0, 18:37:22:
2421,41.00,20.1,0, 18:37:23:
2422,41.00,20.1,0, 18:37:24:
2423,41.00,20.1,0, 18:37:25:
2424,41.00,20.1,0, 18:37:26:
2425,41.00,20.1,0, 18:37:27:
2426,41.00,20.1,0, 18:37:28:
2427,41.00,20.1,0, 18:37:29:
2428,41.00,20.1,0, 18:37:30:
2429,41.00,20.1,0, 18:37:31:
2430,41.00,20.1,0, 18:37:32:
2431,41.00,20.1,0, 18:37:33:
2432,41.00,20.1,0, 18:37:34:
2433,41.00,20.1,0, 18:37:35:
2434,41.00,20.1,0, 18:37:36:
2435,41.00,20.1,0, 18:37:37:
2436,41.00,20.1,0, 18:37:38:
2437,41.00,20.1,0, 18:37:39:
2438,41.00,20.1,0, 18:37:40:
2439,41.00,20.1,0, 18:37:41:
2440,41.00,20.1,0, 18:37:42:
2441,41.00,20.1,0, 18:37:43:
2442,41.00,20.1,0, 18:37:44:
2443,41.00,20.1,0, 18:37:45:
2444,41.00,20.1,0, 18:37:46:
2445,41.00,20.1,0, 18:37:47:
2446,41.00,20.1,0, 18:37:48:
2447,41.00,20.1,0, 18:37:49:
2448,41.00,20.1,0, 18:37:50:
2449,41.00,20.1,0, 18:37:51:
2450,41.00,20.1,0, 18:37:52:
2451,41.00,20.1,0, 18:37:53:
2452,41.00,20.1,0, 18:37:54:
2453,41.00,20.1,0, 18:37:55:
2454,41.00,20.1,0, 18:37:56:
2455,41.00,20.1,0, 18:37:57:
2456,41.00,20.1,0, 18:37:58:
2457,41.00,20.1,0, 18:37:59:
2458,41.00,20.1,0," 18:38:0:"
2459,41.00,20.1,0," 18:38:1:"
2460,41.00,20.1,0," 18:38:2:"
2461,41.00,20.1,0," 18:38:3:"
2462,41.00,20.1,0," 18:38:4:"
2463,41.00,20.1,0," 18:38:5:"
2464,41.00,20.1,0," 18:38:6:"
2465,41.00,20.1,0," 18:38:7:"
2466,41.00,20.1,0," 18:38:8:"
2467,41.00,20.1,0," 18:38:9:"
2468,41.00,20.1,0, 18:38:10:
2469,41.00,20.1,0, 18:38:11:
2470,41.00,20.1,0, 18:38:12:
2471,41.00,20.1,0, 18:38:13:
2472,41.00,20.1,0, 18:38:14:
2473,41.00,20.1,0, 18:38:15:
2474,41.00,20.1,0, 18:38:16:
2475,41.00,20.1,0, 18:38:17:
2476,41.00,20.1,0, 18:38:18:
2477,41.00,20.1,0, 18:38:19:
2478,41.00,20.1,0, 18:38:20:
2479,41.00,20.1,0, 18:38:21:
2480,41.00,20.1,0, 18:38:22:
2481,41.00,20.1,0, 18:38:23:
2482,41.00,20.1,0, 18:38:24:
2483,41.00,20.1,0, 18:38:25:
2484,41.00,20.1,0, 18:38:26:
2485,41.00,20.1,0, 18:38:27:
2486,41.00,20.1,0, 18:38:28:
2487,41.00,20.1,0, 18:38:29:
2488,41.00,20.1,0, 18:38:30:
2489,41.00,20.1,0, 18:38:31:
2490,41.00,20.1,0, 18:38:32:
2491,41.00,20.1,0, 18:38:33:
2492,41.00,20.1,0, 18:38:34:
2493,41.00,20.1,0, 18:38:35:
2494,41.00,20.1,0, 18:38:36:
2495,41.00,20.1,0, 18:38:37:
2496,41.00,20.1,0, 18:38:38:
2497,41.00,20.1,0, 18:38:39:
2498,41.00,20.1,0, 18:38:40:
2499,41.00,20.1,0, 18:38:41:
2500,41.00,20.1,0, 18:38:42:
2501,41.00,20.1,0, 18:38:43:
2502,41.00,20.1,0, 18:38:44:
2503,41.00,20.1,0, 18:38:45:
2504,41.00,20.1,0, 18:38:46:
2505,41.00,20.1,0, 18:38:47:
2506,41.00,20.1,0, 18:38:48:
2507,41.00,20.1,0, 18:38:49:
2508,41.00,20.1,0, 18:38:50:
2509,41.00,20.1,0, 18:38:51:
2510,41.00,20.1,0, 18:38:52:
2511,41.00,20.1,0, 18:38:53:
2512,41.00,20.1,0, 18:38:54:
2513,41.00,20.1,0, 18:38:55:
2514,41.00,20.1,0, 18:38:56:
2515,41.00,20.1,0, 18:38:57:
2516,41.00,20.1,0, 18:38:58:
2517,41.00,20.1,0, 18:38:59:
2518,41.00,20.1,0," 18:39:0:"
2519,41.00,20.1,0," 18:39:1:"
2520,41.00,20.1,0," 18:39:2:"
2521,41.00,20.1,0," 18:39:3:"
2522,41.00,20.1,0," 18:39:4:"
2523,41.00,20.1,0," 18:39:5:"
2524,41.00,20.1,0," 18:39:6:"
2525,41.00,20.1,0," 18:39:7:"
2526,41.00,20.1,0," 18:39:8:"
2527,41.00,20.1,0," 18:39:9:"
2528,41.00,20.1,0, 18:39:10:
2529,41.00,20.1,0, 18:39:11:
2530,41.00,20.1,0, 18:39:12:
2531,41.00,20.1,0, 18:39:13:
2532,41.00,20.1,0, 18:39:14:
2533,41.00,20.1,0, 18:39:15:
2534,41.00,20.1,0, 18:39:16:
2535,41.00,20.1,0, 18:39:17:
2536,41.00,20.1,0, 18:39:18:
2537,41.00,20.1,0, 18:39:19:
2538,41.00,20.1,0, 18:39:20:
2539,41.00,20.1,0, 18:39:21:
2540,41.00,20.1,0, 18:39:22:
2541,41.00,20.1,0, 18:39:23:
2542,41.00,20.1,0, 18:39:24:
2543,41.00,20.1,0, 18:39:25:
2544,41.00,20.1,0, 18:39:26:
2545,41.00,20.1,0, 18:39:27:
2546,41.00,20.1,0, 18:39:28:
2547,41.00,20.1,0, 18:39:29:
2548,41.00,20.1,0, 18:39:30:
2549,41.00,20.1,0, 18:39:31:
2550,41.00,20.1,0, 18:39:32:
2551,41.00,20.1,0, 18:39:33:
2552,41.00,20.1,0, 18:39:34:
2553,41.00,20.1,0, 18:39:35:
2554,41.00,20.1,0, 18:39:36:
2555,41.00,20.1,0, 18:39:37:
2556,41.00,20.1,0, 18:39:38:
2557,41.00,20.1,0, 18:39:39:
2558,41.00,20.1,0, 18:39:40:
2559,41.00,20.1,0, 18:39:41:
2560,41.00,20.1,0, 18:39:42:
2561,41.00,20.1,0, 18:39:43:
2562,41.00,20.1,0, 18:39:44:
2563,41.00,20.1,0, 18:39:45:
2564,41.00,20.1,0, 18:39:46:
2565,41.00,20.1,0, 18:39:47:
2566,41.00,20.1,0, 18:39:48:
2567,41.00,20.1,0, 18:39:49:
2568,41.00,20.1,0, 18:39:50:
2569,41.00,20.1,0, 18:39:51:
2570,41.00,20.1,0, 18:39:52:
2571,41.00,20.1,0, 18:39:53:
2572,41.00,20.1,0, 18:39:54:
2573,41.00,20.1,0, 18:39:55:
2574,41.00,20.1,0, 18:39:56:
2575,41.00,20.1,0, 18:39:57:
2576,41.00,20.1,0, 18:39:58:
2577,41.00,20.1,0, 18:39:59:
2578,41.00,20.1,0," 18:40:0:"
2579,41.00,20.1,0," 18:40:1:"
2580,41.00,20.1,0," 18:40:2:"
2581,41.00,20.1,0," 18:40:3:"
2582,41.00,20.1,0," 18:40:4:"
2583,41.00,20.1,0," 18:40:5:"
2584,41.00,20.1,0," 18:40:6:"
2585,41.00,20.1,0," 18:40:7:"
2586,41.00,20.1,0," 18:40:8:"
2587,41.00,20.1,0," 18:40:9:"
2588,41.00,20.0,0, 18:40:10:
2589,41.00,20.0,0, 18:40:11:
2590,41.00,20.1,0, 18:40:12:
2591,41.00,20.1,0, 18:40:13:
2592,41.00,20.1,0, 18:40:14:
2593,41.00,20.1,0, 18:40:15:
2594,41.00,20.1,0, 18:40:16:
2595,41.00,20.1,0, 18:40:17:
2596,41.00,20.0,0, 18:40:18:
2597,41.00,20.0,0, 18:40:19:
2598,41.00,20.0,0, 18:40:20:
2599,41.00,20.0,0, 18:40:21:
2600,41.00,20.0,0, 18:40:22:
2601,41.00,20.0,0, 18:40:23:
2602,41.00,20.0,0, 18:40:24:
2603,41.00,20.0,0, 18:40:25:
2604,41.00,20.0,0, 18:40:26:
2605,41.00,20.0,0, 18:40:27:
2606,41.00,20.0,0, 18:40:28:
2607,41.00,20.0,0, 18:40:29:
2608,41.00,20.0,0, 18:40:30:
2609,41.00,20.0,0, 18:40:31:
2610,41.00,20.0,0, 18:40:32:
2611,41.00,20.0,0, 18:40:33:
2612,41.00,20.0,0, 18:40:34:
2613,41.00,20.0,0, 18:40:35:
2614,41.00,20.0,0, 18:40:36:
2615,41.00,20.0,0, 18:40:37:
2616,41.00,20.0,0, 18:40:38:
2617,41.00,20.0,0, 18:40:39:
2618,41.00,20.0,0, 18:40:40:
2619,41.00,20.0,0, 18:40:41:
2620,41.00,20.0,0, 18:40:42:
2621,41.00,20.0,0, 18:40:43:
2622,41.00,20.0,0, 18:40:44:
2623,41.00,20.0,0, 18:40:45:
2624,41.00,20.0,0, 18:40:46:
2625,41.00,20.0,0, 18:40:47:
2626,41.00,20.0,0, 18:40:48:
2627,41.00,20.0,0, 18:40:49:
2628,41.00,20.0,0, 18:40:50:
2629,41.00,20.0,0, 18:40:51:
2630,41.00,20.0,0, 18:40:52:
2631,41.00,20.0,0, 18:40:53:
2632,41.00,20.0,0, 18:40:54:
2633,41.00,20.0,0, 18:40:55:
2634,41.00,20.0,0, 18:40:56:
2635,41.00,20.0,0, 18:40:57:
2636,41.00,20.0,0, 18:40:58:
2637,41.00,20.0,0, 18:40:59:
2638,41.00,20.0,0," 18:41:0:"
2639,41.00,20.0,0," 18:41:1:"
2640,41.00,20.0,0," 18:41:2:"
2641,41.00,20.0,0," 18:41:3:"
2642,41.00,20.0,0," 18:41:4:"
2643,41.00,20.0,0," 18:41:5:"
2644,41.00,20.0,0," 18:41:6:"
2645,41.00,20.0,0," 18:41:7:"
2646,41.00,20.0,0," 18:41:8:"
2647,41.00,20.0,0," 18:41:9:"
2648,41.00,20.0,0, 18:41:10:
2649,41.00,20.0,0, 18:41:11:
2650,41.00,20.0,0, 18:41:12:
2651,41.00,20.0,0, 18:41:13:
2652,41.00,20.0,0, 18:41:14:
2653,41.00,20.0,0, 18:41:15:
2654,41.00,20.0,0, 18:41:16:
2655,41.00,20.0,0, 18:41:17:
2656,41.00,20.0,0, 18:41:18:
2657,41.00,20.0,0, 18:41:19:
2658,41.00,20.0,0, 18:41:20:
2659,41.00,20.0,0, 18:41:21:
2660,41.00,20.0,0, 18:41:22:
2661,41.00,20.0,0, 18:41:23:
2662,41.00,20.0,0, 18:41:24:
2663,41.00,20.0,0, 18:41:25:
2664,41.00,20.0,0, 18:41:26:
2665,41.00,20.0,0, 18:41:27:
2666,41.00,20.0,0, 18:41:28:
2667,41.00,20.0,0, 18:41:29:
2668,41.00,20.0,0, 18:41:30:
2669,41.00,20.0,0, 18:41:31:
2670,41.00,20.0,0, 18:41:32:
2671,41.00,20.0,0, 18:41:33:
2672,42.00,20.0,0, 18:41:34:
2673,42.00,20.0,0, 18:41:35:
2674,42.00,20.0,0, 18:41:36:
2675,42.00,20.0,0, 18:41:37:
2676,42.00,20.0,0, 18:41:38:
2677,42.00,20.0,0, 18:41:39:
2678,42.00,20.0,0, 18:41:40:
2679,42.00,20.0,0, 18:41:41:
2680,42.00,20.0,0, 18:41:42:
2681,42.00,20.0,0, 18:41:43:
2682,42.00,20.0,0, 18:41:44:
2683,42.00,20.0,0, 18:41:45:
2684,42.00,20.0,0, 18:41:46:
2685,42.00,20.0,0, 18:41:47:
2686,42.00,20.0,0, 18:41:48:
2687,42.00,20.0,0, 18:41:49:
2688,42.00,20.0,0, 18:41:50:
2689,42.00,20.0,0, 18:41:51:
2690,42.00,20.0,0, 18:41:52:
2691,42.00,20.0,0, 18:41:53:
2692,42.00,20.0,0, 18:41:54:
2693,42.00,20.0,0, 18:41:55:
2694,42.00,20.0,0, 18:41:56:
2695,42.00,20.0,0, 18:41:57:
2696,42.00,20.0,0, 18:41:58:
2697,42.00,20.0,0, 18:41:59:
2698,42.00,20.0,0," 18:42:0:"
2699,42.00,20.0,0," 18:42:1:"
2700,42.00,20.0,0," 18:42:2:"
2701,42.00,20.0,0," 18:42:3:"
2702,42.00,20.0,0," 18:42:4:"
2703,42.00,20.0,0," 18:42:5:"
2704,42.00,20.0,0," 18:42:6:"
2705,42.00,20.0,0," 18:42:7:"
2706,42.00,20.0,0," 18:42:8:"
2707,42.00,20.0,0," 18:42:9:"
2708,42.00,20.0,0, 18:42:10:
2709,42.00,20.0,0, 18:42:11:
2710,42.00,20.0,0, 18:42:12:
2711,42.00,20.0,0, 18:42:13:
2712,42.00,20.0,0, 18:42:14:
2713,42.00,20.0,0, 18:42:15:
2714,42.00,20.0,0, 18:42:16:
2715,42.00,20.0,0, 18:42:17:
2716,42.00,20.0,0, 18:42:18:
2717,42.00,20.0,0, 18:42:19:
2718,42.00,20.0,0, 18:42:20:
2719,42.00,20.0,0, 18:42:21:
2720,42.00,20.0,0, 18:42:22:
2721,42.00,20.0,0, 18:42:23:
2722,42.00,20.0,0, 18:42:24:
2723,42.00,20.0,0, 18:42:25:
2724,42.00,20.0,0, 18:42:26:
2725,42.00,20.0,0, 18:42:27:
2726,42.00,20.0,0, 18:42:28:
2727,42.00,20.0,0, 18:42:29:
2728,42.00,20.0,0, 18:42:30:
2729,42.00,20.0,0, 18:42:31:
2730,42.00,20.0,0, 18:42:32:
2731,42.00,20.0,0, 18:42:33:
2732,42.00,20.0,0, 18:42:34:
2733,42.00,20.0,0, 18:42:35:
2734,42.00,20.0,0, 18:42:36:
2735,42.00,20.0,0, 18:42:37:
2736,42.00,20.0,0, 18:42:38:
2737,42.00,20.0,0, 18:42:39:
2738,42.00,20.0,0, 18:42:40:
2739,42.00,20.0,0, 18:42:41:
2740,42.00,20.0,0, 18:42:42:
2741,42.00,20.0,0, 18:42:43:
2742,42.00,20.0,0, 18:42:44:
2743,42.00,20.0,0, 18:42:45:
2744,42.00,20.0,0, 18:42:46:
2745,42.00,20.0,0, 18:42:47:
2746,42.00,20.0,0, 18:42:48:
2747,42.00,20.0,0, 18:42:49:
2748,42.00,20.0,0, 18:42:50:
2749,42.00,20.0,0, 18:42:51:
2750,42.00,20.0,0, 18:42:52:
2751,42.00,20.0,0, 18:42:53:
2752,42.00,20.0,0, 18:42:54:
2753,42.00,20.0,0, 18:42:55:
2754,42.00,20.0,0, 18:42:56:
2755,42.00,20.0,0, 18:42:57:
2756,42.00,20.0,0, 18:42:58:
2757,42.00,20.0,0, 18:42:59:
2758,42.00,20.0,0," 18:43:0:"
2759,42.00,20.0,0," 18:43:1:"
2760,42.00,20.0,0," 18:43:2:"
2761,42.00,20.0,0," 18:43:3:"
2762,42.00,20.0,0," 18:43:4:"
2763,42.00,20.0,0," 18:43:5:"
2764,42.00,20.0,0," 18:43:6:"
2765,42.00,20.0,0," 18:43:7:"
2766,42.00,20.0,0," 18:43:8:"
2767,42.00,20.0,0," 18:43:9:"
2768,42.00,20.0,0, 18:43:10:
2769,42.00,20.0,0, 18:43:11:
2770,42.00,20.0,0, 18:43:12:
2771,42.00,20.0,0, 18:43:13:
2772,42.00,20.0,0, 18:43:14:
2773,42.00,20.0,0, 18:43:15:
2774,42.00,20.0,0, 18:43:16:
2775,42.00,20.0,0, 18:43:17:
2776,42.00,20.0,0, 18:43:18:
2777,42.00,20.0,0, 18:43:19:
2778,42.00,20.0,0, 18:43:20:
2779,42.00,20.0,0, 18:43:21:
2780,42.00,20.0,0, 18:43:22:
2781,42.00,20.0,0, 18:43:23:
2782,42.00,20.0,0, 18:43:24:
2783,42.00,20.0,0, 18:43:25:
2784,42.00,20.0,0, 18:43:26:
2785,42.00,20.0,0, 18:43:27:
2786,42.00,20.0,0, 18:43:28:
2787,42.00,20.0,0, 18:43:29:
2788,42.00,20.0,0, 18:43:30:
2789,42.00,20.0,0, 18:43:31:
2790,42.00,20.0,0, 18:43:32:
2791,42.00,20.0,0, 18:43:33:
2792,42.00,20.0,0, 18:43:34:
2793,42.00,20.0,0, 18:43:35:
2794,42.00,20.0,0, 18:43:36:
2795,42.00,20.0,0, 18:43:37:
2796,42.00,20.0,0, 18:43:38:
2797,42.00,20.0,0, 18:43:39:
2798,42.00,20.0,0, 18:43:40:
2799,42.00,20.0,0, 18:43:41:
2800,42.00,20.0,0, 18:43:42:
2801,42.00,20.0,0, 18:43:43:
2802,42.00,20.0,0, 18:43:44:
2803,42.00,20.0,0, 18:43:45:
2804,42.00,20.0,0, 18:43:46:
2805,42.00,20.0,0, 18:43:47:
2806,42.00,20.0,0, 18:43:48:
2807,42.00,20.0,0, 18:43:49:
2808,42.00,20.0,0, 18:43:50:
2809,42.00,20.0,0, 18:43:51:
2810,42.00,20.0,0, 18:43:52:
2811,42.00,20.0,0, 18:43:53:
2812,42.00,19.9,0, 18:43:54:
2813,42.00,19.9,0, 18:43:55:
2814,42.00,20.0,0, 18:43:56:
2815,42.00,20.0,0, 18:43:57:
2816,42.00,20.0,0, 18:43:58:
2817,42.00,20.0,0, 18:43:59:
2818,42.00,20.0,0," 18:44:0:"
2819,42.00,20.0,0," 18:44:1:"
2820,42.00,20.0,0," 18:44:2:"
2821,42.00,20.0,0," 18:44:3:"
2822,42.00,20.0,0," 18:44:4:"
2823,42.00,20.0,0," 18:44:5:"
2824,43.00,20.0,0," 18:44:6:"
2825,43.00,20.0,0," 18:44:7:"
2826,43.00,20.0,0," 18:44:8:"
2827,43.00,20.0,0," 18:44:9:"
2828,43.00,20.0,0, 18:44:10:
2829,43.00,20.0,0, 18:44:11:
2830,43.00,20.0,0, 18:44:12:
2831,43.00,20.0,0, 18:44:13:
2832,43.00,20.0,0, 18:44:14:
2833,43.00,20.0,0, 18:44:15:
2834,43.00,20.0,0, 18:44:16:
2835,43.00,20.0,0, 18:44:17:
2836,43.00,20.0,0, 18:44:18:
2837,43.00,20.0,0, 18:44:19:
2838,43.00,20.0,0, 18:44:20:
2839,43.00,20.0,0, 18:44:21:
2840,43.00,19.9,0, 18:44:22:
2841,43.00,19.9,0, 18:44:23:
2842,43.00,20.0,0, 18:44:24:
2843,43.00,20.0,0, 18:44:25:
2844,43.00,20.0,0, 18:44:26:
2845,43.00,20.0,0, 18:44:27:
2846,44.00,20.0,0, 18:44:28:
2847,44.00,20.0,0, 18:44:29:
2848,44.00,20.0,0, 18:44:30:
2849,44.00,20.0,0, 18:44:31:
2850,44.00,20.0,0, 18:44:32:
2851,44.00,20.0,0, 18:44:33:
2852,44.00,20.0,0, 18:44:34:
2853,44.00,20.0,0, 18:44:35:
2854,44.00,20.0,0, 18:44:36:
2855,44.00,20.0,0, 18:44:37:
2856,44.00,20.0,0, 18:44:38:
2857,44.00,20.0,0, 18:44:39:
2858,44.00,20.0,0, 18:44:40:
2859,44.00,20.0,0, 18:44:41:
2860,44.00,20.0,0, 18:44:42:
2861,44.00,20.0,0, 18:44:43:
2862,44.00,20.0,0, 18:44:44:
2863,44.00,20.0,0, 18:44:45:
2864,44.00,20.0,0, 18:44:46:
2865,44.00,20.0,0, 18:44:47:
2866,44.00,20.0,0, 18:44:48:
2867,44.00,20.0,0, 18:44:49:
2868,44.00,20.0,0, 18:44:50:
2869,44.00,20.0,0, 18:44:51:
2870,44.00,20.0,0, 18:44:52:
2871,44.00,20.0,0, 18:44:53:
2872,44.00,20.0,0, 18:44:54:
2873,44.00,20.0,0, 18:44:55:
2874,44.00,20.0,0, 18:44:56:
2875,44.00,20.0,0, 18:44:57:
2876,45.00,20.0,0, 18:44:58:
2877,45.00,20.0,0, 18:44:59:
2878,45.00,20.0,0," 18:45:0:"
2879,45.00,20.0,0," 18:45:1:"
2880,45.00,20.0,0," 18:45:2:"
2881,45.00,20.0,0," 18:45:3:"
2882,45.00,20.0,0," 18:45:4:"
2883,45.00,20.0,0," 18:45:5:"
2884,45.00,20.0,0," 18:45:6:"
2885,45.00,20.0,0," 18:45:7:"
2886,45.00,20.0,0," 18:45:8:"
2887,45.00,20.0,0," 18:45:9:"
2888,45.00,20.0,0, 18:45:10:
2889,45.00,20.0,0, 18:45:11:
2890,46.00,20.0,0, 18:45:12:
2891,46.00,20.0,0, 18:45:13:
2892,46.00,20.0,0, 18:45:14:
2893,46.00,20.0,0, 18:45:15:
2894,46.00,20.0,0, 18:45:16:
2895,46.00,20.0,0, 18:45:17:
2896,46.00,20.0,0, 18:45:18:
2897,46.00,20.0,0, 18:45:19:
2898,46.00,20.0,0, 18:45:20:
2899,46.00,20.0,0, 18:45:21:
2900,46.00,20.0,0, 18:45:22:
2901,46.00,20.0,0, 18:45:23:
2902,45.00,20.0,0, 18:45:24:
2903,45.00,20.0,0, 18:45:25:
2904,45.00,20.0,0, 18:45:26:
2905,45.00,20.0,0, 18:45:27:
2906,45.00,20.1,0, 18:45:28:
2907,45.00,20.1,0, 18:45:29:
2908,45.00,20.0,0, 18:45:30:
2909,45.00,20.0,0, 18:45:31:
2910,45.00,20.1,0, 18:45:32:
2911,45.00,20.1,0, 18:45:33:
2912,45.00,20.1,0, 18:45:34:
2913,45.00,20.1,0, 18:45:35:
2914,45.00,20.1,0, 18:45:36:
2915,45.00,20.1,0, 18:45:37:
2916,45.00,20.0,0, 18:45:38:
2917,45.00,20.0,0, 18:45:39:
2918,45.00,20.0,0, 18:45:40:
2919,45.00,20.0,0, 18:45:41:
2920,45.00,20.1,0, 18:45:42:
2921,45.00,20.1,0, 18:45:43:
2922,45.00,20.0,0, 18:45:44:
2923,45.00,20.0,0, 18:45:45:
2924,45.00,20.1,0, 18:45:46:
2925,45.00,20.1,0, 18:45:47:
2926,45.00,20.1,0, 18:45:48:
2927,45.00,20.1,0, 18:45:49:
2928,45.00,20.1,0, 18:45:50:
2929,45.00,20.1,0, 18:45:51:
2930,45.00,20.1,0, 18:45:52:
2931,45.00,20.1,0, 18:45:53:
2932,45.00,20.1,0, 18:45:54:
2933,45.00,20.1,0, 18:45:55:
2934,45.00,20.1,0, 18:45:56:
2935,45.00,20.1,0, 18:45:57:
2936,45.00,20.1,0, 18:45:58:
2937,45.00,20.1,0, 18:45:59:
2938,45.00,20.1,0," 18:46:0:"
2939,45.00,20.1,0," 18:46:1:"
2940,45.00,20.1,0," 18:46:2:"
2941,45.00,20.1,0," 18:46:3:"
2942,45.00,20.1,0," 18:46:4:"
2943,45.00,20.1,0," 18:46:5:"
2944,45.00,20.1,0," 18:46:6:"
2945,45.00,20.1,0," 18:46:7:"
2946,46.00,20.1,0," 18:46:8:"
2947,46.00,20.1,0," 18:46:9:"
2948,46.00,20.1,0, 18:46:10:
2949,46.00,20.1,0, 18:46:11:
2950,45.00,20.1,0, 18:46:12:
2951,45.00,20.1,0, 18:46:13:
2952,46.00,20.1,0, 18:46:14:
2953,46.00,20.1,0, 18:46:15:
2954,45.00,20.1,0, 18:46:16:
2955,45.00,20.1,0, 18:46:17:
2956,45.00,20.1,0, 18:46:18:
2957,45.00,20.1,0, 18:46:19:
2958,45.00,20.1,0, 18:46:20:
2959,45.00,20.1,0, 18:46:21:
2960,45.00,20.1,0, 18:46:22:
2961,45.00,20.1,0, 18:46:23:
2962,45.00,20.1,0, 18:46:24:
2963,45.00,20.1,0, 18:46:25:
2964,45.00,20.1,0, 18:46:26:
2965,45.00,20.1,0, 18:46:27:
2966,45.00,20.1,0, 18:46:28:
2967,45.00,20.1,0, 18:46:29:
